-- phpMyAdmin SQL Dump
-- version 5.2.1
-- https://www.phpmyadmin.net/
--
-- Host: 127.0.0.1
-- Generation Time: Jul 30, 2025 at 07:37 AM
-- Server version: 10.4.32-MariaDB
-- PHP Version: 8.0.30

SET SQL_MODE = "NO_AUTO_VALUE_ON_ZERO";
START TRANSACTION;
SET time_zone = "+00:00";


/*!40101 SET @OLD_CHARACTER_SET_CLIENT=@@CHARACTER_SET_CLIENT */;
/*!40101 SET @OLD_CHARACTER_SET_RESULTS=@@CHARACTER_SET_RESULTS */;
/*!40101 SET @OLD_COLLATION_CONNECTION=@@COLLATION_CONNECTION */;
/*!40101 SET NAMES utf8mb4 */;

--
-- Database: `academic_system`
--

-- --------------------------------------------------------

--
-- Table structure for table `announcements`
--

CREATE TABLE `announcements` (
  `announcement_id` int(11) NOT NULL,
  `subject_id` int(11) DEFAULT NULL,
  `faculty_id` int(11) DEFAULT NULL,
  `title` varchar(100) NOT NULL,
  `message` text NOT NULL,
  `semester_id` int(11) DEFAULT NULL,
  `is_important` tinyint(1) DEFAULT 0,
  `created_at` datetime DEFAULT current_timestamp()
) ENGINE=InnoDB DEFAULT CHARSET=utf8mb4 COLLATE=utf8mb4_general_ci;

--
-- Dumping data for table `announcements`
--

INSERT INTO `announcements` (`announcement_id`, `subject_id`, `faculty_id`, `title`, `message`, `semester_id`, `is_important`, `created_at`) VALUES
(8, NULL, 36, 'Internal Eveluation', 'Your Internal Eveluation is Scheduled on Monday Be fully prepare', 14, 1, '2025-06-29 17:12:22'),
(9, 15, 40, 'Tomorrow will be Quiz', 'The Quiz will be conducted in all Course outlines', 14, 1, '2025-06-29 17:18:40');

-- --------------------------------------------------------

--
-- Table structure for table `assignments`
--

CREATE TABLE `assignments` (
  `assignment_id` int(11) NOT NULL,
  `subject_id` int(11) DEFAULT NULL,
  `faculty_id` int(11) DEFAULT NULL,
  `title` varchar(100) NOT NULL,
  `description` text DEFAULT NULL,
  `deadline` datetime NOT NULL,
  `total_marks` decimal(5,2) NOT NULL,
  `semester_id` int(11) DEFAULT NULL,
  `file_path` varchar(255) DEFAULT NULL
) ENGINE=InnoDB DEFAULT CHARSET=utf8mb4 COLLATE=utf8mb4_general_ci;

--
-- Dumping data for table `assignments`
--

INSERT INTO `assignments` (`assignment_id`, `subject_id`, `faculty_id`, `title`, `description`, `deadline`, `total_marks`, `semester_id`, `file_path`) VALUES
(17, 12, 36, 'Assignment No. 01', 'Every student must write Roll No, Name, semester etc..', '2025-06-24 12:00:00', 5.00, 14, '1751198720_Assignment session 2025.pdf'),
(18, 15, 40, 'Assignment #02', '✔ To the point\r\n✔ According to final exam', '2025-06-29 12:00:00', 5.00, 14, '1751199460_Assignment PDF Creation (1).pdf');

-- --------------------------------------------------------

--
-- Table structure for table `attendance`
--

CREATE TABLE `attendance` (
  `attendance_id` int(11) NOT NULL,
  `student_id` int(11) NOT NULL,
  `subject_id` int(11) NOT NULL,
  `schedule_id` int(11) NOT NULL,
  `date` date NOT NULL,
  `status` enum('Present','Absent') NOT NULL
) ENGINE=InnoDB DEFAULT CHARSET=utf8mb4 COLLATE=utf8mb4_general_ci;

--
-- Dumping data for table `attendance`
--

INSERT INTO `attendance` (`attendance_id`, `student_id`, `subject_id`, `schedule_id`, `date`, `status`) VALUES
(15, 25, 9, 0, '2025-05-11', 'Present'),
(16, 26, 9, 0, '2025-05-11', 'Present'),
(17, 27, 9, 0, '2025-05-11', 'Present'),
(18, 25, 9, 0, '2025-05-10', 'Absent'),
(19, 26, 9, 0, '2025-05-10', 'Present'),
(20, 27, 9, 0, '2025-05-10', 'Absent'),
(21, 25, 10, 0, '2025-05-11', 'Absent'),
(22, 26, 10, 0, '2025-05-11', 'Present'),
(23, 27, 10, 0, '2025-05-11', 'Present'),
(24, 29, 9, 0, '2025-05-12', 'Present'),
(25, 30, 9, 0, '2025-05-12', 'Present'),
(26, 32, 8, 0, '2025-05-12', 'Present'),
(27, 29, 10, 0, '2025-05-12', 'Present'),
(28, 30, 10, 0, '2025-05-12', 'Present'),
(29, 29, 9, 0, '2025-06-23', 'Present'),
(30, 30, 9, 0, '2025-06-23', 'Present'),
(31, 29, 9, 0, '2025-06-23', 'Present'),
(32, 30, 9, 0, '2025-06-23', 'Present'),
(33, 29, 9, 0, '2025-06-23', 'Present'),
(34, 30, 9, 0, '2025-06-23', 'Present'),
(35, 32, 8, 0, '2025-06-28', 'Present'),
(36, 29, 9, 0, '2025-06-28', 'Absent'),
(37, 30, 9, 0, '2025-06-28', 'Absent'),
(38, 44, 12, 0, '2025-06-29', 'Present'),
(39, 45, 12, 0, '2025-06-29', 'Present'),
(40, 46, 12, 0, '2025-06-29', 'Present'),
(41, 47, 12, 0, '2025-06-29', 'Present'),
(42, 48, 12, 0, '2025-06-29', 'Present'),
(43, 49, 12, 0, '2025-06-29', 'Present'),
(44, 50, 12, 0, '2025-06-29', 'Present'),
(45, 51, 12, 0, '2025-06-29', 'Present'),
(46, 52, 12, 0, '2025-06-29', 'Present'),
(47, 53, 12, 0, '2025-06-29', 'Present'),
(48, 54, 12, 0, '2025-06-29', 'Present'),
(49, 55, 12, 0, '2025-06-29', 'Present'),
(50, 56, 12, 0, '2025-06-29', 'Present'),
(51, 57, 12, 0, '2025-06-29', 'Present'),
(52, 58, 12, 0, '2025-06-29', 'Present'),
(53, 59, 12, 0, '2025-06-29', 'Present'),
(54, 60, 12, 0, '2025-06-29', 'Present'),
(55, 61, 12, 0, '2025-06-29', 'Present'),
(56, 62, 12, 0, '2025-06-29', 'Present'),
(57, 63, 12, 0, '2025-06-29', 'Present'),
(58, 64, 12, 0, '2025-06-29', 'Present'),
(59, 65, 12, 0, '2025-06-29', 'Present'),
(60, 66, 12, 0, '2025-06-29', 'Present'),
(61, 68, 12, 0, '2025-06-29', 'Present'),
(62, 44, 12, 0, '2025-06-28', 'Present'),
(63, 45, 12, 0, '2025-06-28', 'Present'),
(64, 46, 12, 0, '2025-06-28', 'Present'),
(65, 47, 12, 0, '2025-06-28', 'Present'),
(66, 48, 12, 0, '2025-06-28', 'Present'),
(67, 49, 12, 0, '2025-06-28', 'Present'),
(68, 50, 12, 0, '2025-06-28', 'Present'),
(69, 51, 12, 0, '2025-06-28', 'Present'),
(70, 52, 12, 0, '2025-06-28', 'Present'),
(71, 53, 12, 0, '2025-06-28', 'Present'),
(72, 54, 12, 0, '2025-06-28', 'Present'),
(73, 55, 12, 0, '2025-06-28', 'Present'),
(74, 56, 12, 0, '2025-06-28', 'Present'),
(75, 57, 12, 0, '2025-06-28', 'Present'),
(76, 58, 12, 0, '2025-06-28', 'Present'),
(77, 59, 12, 0, '2025-06-28', 'Present'),
(78, 60, 12, 0, '2025-06-28', 'Present'),
(79, 61, 12, 0, '2025-06-28', 'Present'),
(80, 62, 12, 0, '2025-06-28', 'Present'),
(81, 63, 12, 0, '2025-06-28', 'Present'),
(82, 64, 12, 0, '2025-06-28', 'Present'),
(83, 65, 12, 0, '2025-06-28', 'Present'),
(84, 66, 12, 0, '2025-06-28', 'Present'),
(85, 68, 12, 0, '2025-06-28', 'Present'),
(86, 44, 12, 0, '2025-06-27', 'Present'),
(87, 45, 12, 0, '2025-06-27', 'Absent'),
(88, 46, 12, 0, '2025-06-27', 'Present'),
(89, 47, 12, 0, '2025-06-27', 'Present'),
(90, 48, 12, 0, '2025-06-27', 'Present'),
(91, 49, 12, 0, '2025-06-27', 'Present'),
(92, 50, 12, 0, '2025-06-27', 'Present'),
(93, 51, 12, 0, '2025-06-27', 'Present'),
(94, 52, 12, 0, '2025-06-27', 'Present'),
(95, 53, 12, 0, '2025-06-27', 'Absent'),
(96, 54, 12, 0, '2025-06-27', 'Present'),
(97, 55, 12, 0, '2025-06-27', 'Present'),
(98, 56, 12, 0, '2025-06-27', 'Present'),
(99, 57, 12, 0, '2025-06-27', 'Present'),
(100, 58, 12, 0, '2025-06-27', 'Present'),
(101, 59, 12, 0, '2025-06-27', 'Present'),
(102, 60, 12, 0, '2025-06-27', 'Present'),
(103, 61, 12, 0, '2025-06-27', 'Present'),
(104, 62, 12, 0, '2025-06-27', 'Present'),
(105, 63, 12, 0, '2025-06-27', 'Present'),
(106, 64, 12, 0, '2025-06-27', 'Absent'),
(107, 65, 12, 0, '2025-06-27', 'Present'),
(108, 66, 12, 0, '2025-06-27', 'Present'),
(109, 68, 12, 0, '2025-06-27', 'Absent'),
(110, 44, 12, 0, '2025-06-26', 'Absent'),
(111, 45, 12, 0, '2025-06-26', 'Present'),
(112, 46, 12, 0, '2025-06-26', 'Present'),
(113, 47, 12, 0, '2025-06-26', 'Present'),
(114, 48, 12, 0, '2025-06-26', 'Present'),
(115, 49, 12, 0, '2025-06-26', 'Present'),
(116, 50, 12, 0, '2025-06-26', 'Present'),
(117, 51, 12, 0, '2025-06-26', 'Present'),
(118, 52, 12, 0, '2025-06-26', 'Present'),
(119, 53, 12, 0, '2025-06-26', 'Present'),
(120, 54, 12, 0, '2025-06-26', 'Present'),
(121, 55, 12, 0, '2025-06-26', 'Absent'),
(122, 56, 12, 0, '2025-06-26', 'Present'),
(123, 57, 12, 0, '2025-06-26', 'Present'),
(124, 58, 12, 0, '2025-06-26', 'Present'),
(125, 59, 12, 0, '2025-06-26', 'Present'),
(126, 60, 12, 0, '2025-06-26', 'Present'),
(127, 61, 12, 0, '2025-06-26', 'Present'),
(128, 62, 12, 0, '2025-06-26', 'Present'),
(129, 63, 12, 0, '2025-06-26', 'Present'),
(130, 64, 12, 0, '2025-06-26', 'Absent'),
(131, 65, 12, 0, '2025-06-26', 'Present'),
(132, 66, 12, 0, '2025-06-26', 'Present'),
(133, 68, 12, 0, '2025-06-26', 'Present'),
(134, 44, 12, 0, '2025-06-25', 'Present'),
(135, 45, 12, 0, '2025-06-25', 'Present'),
(136, 46, 12, 0, '2025-06-25', 'Present'),
(137, 47, 12, 0, '2025-06-25', 'Present'),
(138, 48, 12, 0, '2025-06-25', 'Present'),
(139, 49, 12, 0, '2025-06-25', 'Present'),
(140, 50, 12, 0, '2025-06-25', 'Present'),
(141, 51, 12, 0, '2025-06-25', 'Present'),
(142, 52, 12, 0, '2025-06-25', 'Present'),
(143, 53, 12, 0, '2025-06-25', 'Present'),
(144, 54, 12, 0, '2025-06-25', 'Present'),
(145, 55, 12, 0, '2025-06-25', 'Present'),
(146, 56, 12, 0, '2025-06-25', 'Present'),
(147, 57, 12, 0, '2025-06-25', 'Absent'),
(148, 58, 12, 0, '2025-06-25', 'Present'),
(149, 59, 12, 0, '2025-06-25', 'Present'),
(150, 60, 12, 0, '2025-06-25', 'Present'),
(151, 61, 12, 0, '2025-06-25', 'Present'),
(152, 62, 12, 0, '2025-06-25', 'Present'),
(153, 63, 12, 0, '2025-06-25', 'Present'),
(154, 64, 12, 0, '2025-06-25', 'Present'),
(155, 65, 12, 0, '2025-06-25', 'Present'),
(156, 66, 12, 0, '2025-06-25', 'Absent'),
(157, 68, 12, 0, '2025-06-25', 'Present'),
(158, 44, 12, 0, '2025-06-24', 'Present'),
(159, 45, 12, 0, '2025-06-24', 'Present'),
(160, 46, 12, 0, '2025-06-24', 'Present'),
(161, 47, 12, 0, '2025-06-24', 'Present'),
(162, 48, 12, 0, '2025-06-24', 'Present'),
(163, 49, 12, 0, '2025-06-24', 'Present'),
(164, 50, 12, 0, '2025-06-24', 'Present'),
(165, 51, 12, 0, '2025-06-24', 'Present'),
(166, 52, 12, 0, '2025-06-24', 'Present'),
(167, 53, 12, 0, '2025-06-24', 'Present'),
(168, 54, 12, 0, '2025-06-24', 'Present'),
(169, 55, 12, 0, '2025-06-24', 'Present'),
(170, 56, 12, 0, '2025-06-24', 'Present'),
(171, 57, 12, 0, '2025-06-24', 'Present'),
(172, 58, 12, 0, '2025-06-24', 'Present'),
(173, 59, 12, 0, '2025-06-24', 'Present'),
(174, 60, 12, 0, '2025-06-24', 'Present'),
(175, 61, 12, 0, '2025-06-24', 'Absent'),
(176, 62, 12, 0, '2025-06-24', 'Present'),
(177, 63, 12, 0, '2025-06-24', 'Present'),
(178, 64, 12, 0, '2025-06-24', 'Present'),
(179, 65, 12, 0, '2025-06-24', 'Absent'),
(180, 66, 12, 0, '2025-06-24', 'Present'),
(181, 68, 12, 0, '2025-06-24', 'Present'),
(182, 44, 12, 0, '2025-06-23', 'Absent'),
(183, 45, 12, 0, '2025-06-23', 'Present'),
(184, 46, 12, 0, '2025-06-23', 'Present'),
(185, 47, 12, 0, '2025-06-23', 'Absent'),
(186, 48, 12, 0, '2025-06-23', 'Present'),
(187, 49, 12, 0, '2025-06-23', 'Present'),
(188, 50, 12, 0, '2025-06-23', 'Present'),
(189, 51, 12, 0, '2025-06-23', 'Present'),
(190, 52, 12, 0, '2025-06-23', 'Present'),
(191, 53, 12, 0, '2025-06-23', 'Absent'),
(192, 54, 12, 0, '2025-06-23', 'Present'),
(193, 55, 12, 0, '2025-06-23', 'Present'),
(194, 56, 12, 0, '2025-06-23', 'Absent'),
(195, 57, 12, 0, '2025-06-23', 'Present'),
(196, 58, 12, 0, '2025-06-23', 'Present'),
(197, 59, 12, 0, '2025-06-23', 'Present'),
(198, 60, 12, 0, '2025-06-23', 'Absent'),
(199, 61, 12, 0, '2025-06-23', 'Present'),
(200, 62, 12, 0, '2025-06-23', 'Present'),
(201, 63, 12, 0, '2025-06-23', 'Present'),
(202, 64, 12, 0, '2025-06-23', 'Present'),
(203, 65, 12, 0, '2025-06-23', 'Present'),
(204, 66, 12, 0, '2025-06-23', 'Present'),
(205, 68, 12, 0, '2025-06-23', 'Present'),
(206, 44, 12, 0, '2025-06-22', 'Absent'),
(207, 45, 12, 0, '2025-06-22', 'Present'),
(208, 46, 12, 0, '2025-06-22', 'Present'),
(209, 47, 12, 0, '2025-06-22', 'Present'),
(210, 48, 12, 0, '2025-06-22', 'Present'),
(211, 49, 12, 0, '2025-06-22', 'Present'),
(212, 50, 12, 0, '2025-06-22', 'Present'),
(213, 51, 12, 0, '2025-06-22', 'Present'),
(214, 52, 12, 0, '2025-06-22', 'Present'),
(215, 53, 12, 0, '2025-06-22', 'Present'),
(216, 54, 12, 0, '2025-06-22', 'Present'),
(217, 55, 12, 0, '2025-06-22', 'Present'),
(218, 56, 12, 0, '2025-06-22', 'Present'),
(219, 57, 12, 0, '2025-06-22', 'Absent'),
(220, 58, 12, 0, '2025-06-22', 'Present'),
(221, 59, 12, 0, '2025-06-22', 'Present'),
(222, 60, 12, 0, '2025-06-22', 'Present'),
(223, 61, 12, 0, '2025-06-22', 'Present'),
(224, 62, 12, 0, '2025-06-22', 'Present'),
(225, 63, 12, 0, '2025-06-22', 'Present'),
(226, 64, 12, 0, '2025-06-22', 'Absent'),
(227, 65, 12, 0, '2025-06-22', 'Present'),
(228, 66, 12, 0, '2025-06-22', 'Present'),
(229, 68, 12, 0, '2025-06-22', 'Absent'),
(230, 44, 12, 0, '2025-06-21', 'Present'),
(231, 45, 12, 0, '2025-06-21', 'Present'),
(232, 46, 12, 0, '2025-06-21', 'Present'),
(233, 47, 12, 0, '2025-06-21', 'Present'),
(234, 48, 12, 0, '2025-06-21', 'Absent'),
(235, 49, 12, 0, '2025-06-21', 'Present'),
(236, 50, 12, 0, '2025-06-21', 'Present'),
(237, 51, 12, 0, '2025-06-21', 'Present'),
(238, 52, 12, 0, '2025-06-21', 'Absent'),
(239, 53, 12, 0, '2025-06-21', 'Present'),
(240, 54, 12, 0, '2025-06-21', 'Present'),
(241, 55, 12, 0, '2025-06-21', 'Present'),
(242, 56, 12, 0, '2025-06-21', 'Present'),
(243, 57, 12, 0, '2025-06-21', 'Present'),
(244, 58, 12, 0, '2025-06-21', 'Present'),
(245, 59, 12, 0, '2025-06-21', 'Present'),
(246, 60, 12, 0, '2025-06-21', 'Present'),
(247, 61, 12, 0, '2025-06-21', 'Absent'),
(248, 62, 12, 0, '2025-06-21', 'Present'),
(249, 63, 12, 0, '2025-06-21', 'Present'),
(250, 64, 12, 0, '2025-06-21', 'Present'),
(251, 65, 12, 0, '2025-06-21', 'Absent'),
(252, 66, 12, 0, '2025-06-21', 'Present'),
(253, 68, 12, 0, '2025-06-21', 'Present'),
(254, 44, 12, 0, '2025-06-20', 'Present'),
(255, 45, 12, 0, '2025-06-20', 'Present'),
(256, 46, 12, 0, '2025-06-20', 'Present'),
(257, 47, 12, 0, '2025-06-20', 'Present'),
(258, 48, 12, 0, '2025-06-20', 'Present'),
(259, 49, 12, 0, '2025-06-20', 'Present'),
(260, 50, 12, 0, '2025-06-20', 'Present'),
(261, 51, 12, 0, '2025-06-20', 'Present'),
(262, 52, 12, 0, '2025-06-20', 'Present'),
(263, 53, 12, 0, '2025-06-20', 'Present'),
(264, 54, 12, 0, '2025-06-20', 'Present'),
(265, 55, 12, 0, '2025-06-20', 'Present'),
(266, 56, 12, 0, '2025-06-20', 'Present'),
(267, 57, 12, 0, '2025-06-20', 'Present'),
(268, 58, 12, 0, '2025-06-20', 'Present'),
(269, 59, 12, 0, '2025-06-20', 'Present'),
(270, 60, 12, 0, '2025-06-20', 'Present'),
(271, 61, 12, 0, '2025-06-20', 'Present'),
(272, 62, 12, 0, '2025-06-20', 'Present'),
(273, 63, 12, 0, '2025-06-20', 'Present'),
(274, 64, 12, 0, '2025-06-20', 'Present'),
(275, 65, 12, 0, '2025-06-20', 'Present'),
(276, 66, 12, 0, '2025-06-20', 'Present'),
(277, 68, 12, 0, '2025-06-20', 'Present'),
(278, 44, 12, 0, '2025-06-19', 'Present'),
(279, 45, 12, 0, '2025-06-19', 'Present'),
(280, 46, 12, 0, '2025-06-19', 'Present'),
(281, 47, 12, 0, '2025-06-19', 'Present'),
(282, 48, 12, 0, '2025-06-19', 'Present'),
(283, 49, 12, 0, '2025-06-19', 'Present'),
(284, 50, 12, 0, '2025-06-19', 'Present'),
(285, 51, 12, 0, '2025-06-19', 'Present'),
(286, 52, 12, 0, '2025-06-19', 'Present'),
(287, 53, 12, 0, '2025-06-19', 'Present'),
(288, 54, 12, 0, '2025-06-19', 'Present'),
(289, 55, 12, 0, '2025-06-19', 'Present'),
(290, 56, 12, 0, '2025-06-19', 'Present'),
(291, 57, 12, 0, '2025-06-19', 'Present'),
(292, 58, 12, 0, '2025-06-19', 'Present'),
(293, 59, 12, 0, '2025-06-19', 'Present'),
(294, 60, 12, 0, '2025-06-19', 'Present'),
(295, 61, 12, 0, '2025-06-19', 'Present'),
(296, 62, 12, 0, '2025-06-19', 'Present'),
(297, 63, 12, 0, '2025-06-19', 'Present'),
(298, 64, 12, 0, '2025-06-19', 'Present'),
(299, 65, 12, 0, '2025-06-19', 'Present'),
(300, 66, 12, 0, '2025-06-19', 'Present'),
(301, 68, 12, 0, '2025-06-19', 'Present'),
(302, 44, 12, 0, '2025-06-18', 'Present'),
(303, 45, 12, 0, '2025-06-18', 'Present'),
(304, 46, 12, 0, '2025-06-18', 'Present'),
(305, 47, 12, 0, '2025-06-18', 'Present'),
(306, 48, 12, 0, '2025-06-18', 'Present'),
(307, 49, 12, 0, '2025-06-18', 'Present'),
(308, 50, 12, 0, '2025-06-18', 'Present'),
(309, 51, 12, 0, '2025-06-18', 'Present'),
(310, 52, 12, 0, '2025-06-18', 'Present'),
(311, 53, 12, 0, '2025-06-18', 'Present'),
(312, 54, 12, 0, '2025-06-18', 'Present'),
(313, 55, 12, 0, '2025-06-18', 'Present'),
(314, 56, 12, 0, '2025-06-18', 'Present'),
(315, 57, 12, 0, '2025-06-18', 'Present'),
(316, 58, 12, 0, '2025-06-18', 'Present'),
(317, 59, 12, 0, '2025-06-18', 'Present'),
(318, 60, 12, 0, '2025-06-18', 'Present'),
(319, 61, 12, 0, '2025-06-18', 'Present'),
(320, 62, 12, 0, '2025-06-18', 'Present'),
(321, 63, 12, 0, '2025-06-18', 'Present'),
(322, 64, 12, 0, '2025-06-18', 'Present'),
(323, 65, 12, 0, '2025-06-18', 'Present'),
(324, 66, 12, 0, '2025-06-18', 'Present'),
(325, 68, 12, 0, '2025-06-18', 'Present'),
(326, 44, 12, 0, '2025-06-17', 'Present'),
(327, 45, 12, 0, '2025-06-17', 'Present'),
(328, 46, 12, 0, '2025-06-17', 'Present'),
(329, 47, 12, 0, '2025-06-17', 'Present'),
(330, 48, 12, 0, '2025-06-17', 'Present'),
(331, 49, 12, 0, '2025-06-17', 'Present'),
(332, 50, 12, 0, '2025-06-17', 'Present'),
(333, 51, 12, 0, '2025-06-17', 'Present'),
(334, 52, 12, 0, '2025-06-17', 'Present'),
(335, 53, 12, 0, '2025-06-17', 'Present'),
(336, 54, 12, 0, '2025-06-17', 'Present'),
(337, 55, 12, 0, '2025-06-17', 'Present'),
(338, 56, 12, 0, '2025-06-17', 'Present'),
(339, 57, 12, 0, '2025-06-17', 'Present'),
(340, 58, 12, 0, '2025-06-17', 'Present'),
(341, 59, 12, 0, '2025-06-17', 'Present'),
(342, 60, 12, 0, '2025-06-17', 'Present'),
(343, 61, 12, 0, '2025-06-17', 'Present'),
(344, 62, 12, 0, '2025-06-17', 'Present'),
(345, 63, 12, 0, '2025-06-17', 'Present'),
(346, 64, 12, 0, '2025-06-17', 'Present'),
(347, 65, 12, 0, '2025-06-17', 'Present'),
(348, 66, 12, 0, '2025-06-17', 'Present'),
(349, 68, 12, 0, '2025-06-17', 'Present'),
(350, 44, 12, 0, '2025-06-16', 'Present'),
(351, 45, 12, 0, '2025-06-16', 'Present'),
(352, 46, 12, 0, '2025-06-16', 'Present'),
(353, 47, 12, 0, '2025-06-16', 'Present'),
(354, 48, 12, 0, '2025-06-16', 'Present'),
(355, 49, 12, 0, '2025-06-16', 'Present'),
(356, 50, 12, 0, '2025-06-16', 'Present'),
(357, 51, 12, 0, '2025-06-16', 'Present'),
(358, 52, 12, 0, '2025-06-16', 'Present'),
(359, 53, 12, 0, '2025-06-16', 'Present'),
(360, 54, 12, 0, '2025-06-16', 'Present'),
(361, 55, 12, 0, '2025-06-16', 'Present'),
(362, 56, 12, 0, '2025-06-16', 'Present'),
(363, 57, 12, 0, '2025-06-16', 'Present'),
(364, 58, 12, 0, '2025-06-16', 'Present'),
(365, 59, 12, 0, '2025-06-16', 'Present'),
(366, 60, 12, 0, '2025-06-16', 'Present'),
(367, 61, 12, 0, '2025-06-16', 'Present'),
(368, 62, 12, 0, '2025-06-16', 'Present'),
(369, 63, 12, 0, '2025-06-16', 'Present'),
(370, 64, 12, 0, '2025-06-16', 'Present'),
(371, 65, 12, 0, '2025-06-16', 'Present'),
(372, 66, 12, 0, '2025-06-16', 'Present'),
(373, 68, 12, 0, '2025-06-16', 'Present'),
(374, 44, 12, 0, '2025-06-15', 'Present'),
(375, 45, 12, 0, '2025-06-15', 'Present'),
(376, 46, 12, 0, '2025-06-15', 'Present'),
(377, 47, 12, 0, '2025-06-15', 'Present'),
(378, 48, 12, 0, '2025-06-15', 'Present'),
(379, 49, 12, 0, '2025-06-15', 'Present'),
(380, 50, 12, 0, '2025-06-15', 'Present'),
(381, 51, 12, 0, '2025-06-15', 'Present'),
(382, 52, 12, 0, '2025-06-15', 'Present'),
(383, 53, 12, 0, '2025-06-15', 'Present'),
(384, 54, 12, 0, '2025-06-15', 'Present'),
(385, 55, 12, 0, '2025-06-15', 'Present'),
(386, 56, 12, 0, '2025-06-15', 'Present'),
(387, 57, 12, 0, '2025-06-15', 'Present'),
(388, 58, 12, 0, '2025-06-15', 'Present'),
(389, 59, 12, 0, '2025-06-15', 'Present'),
(390, 60, 12, 0, '2025-06-15', 'Present'),
(391, 61, 12, 0, '2025-06-15', 'Present'),
(392, 62, 12, 0, '2025-06-15', 'Present'),
(393, 63, 12, 0, '2025-06-15', 'Present'),
(394, 64, 12, 0, '2025-06-15', 'Present'),
(395, 65, 12, 0, '2025-06-15', 'Present'),
(396, 66, 12, 0, '2025-06-15', 'Present'),
(397, 68, 12, 0, '2025-06-15', 'Present'),
(398, 44, 12, 0, '2025-06-14', 'Present'),
(399, 45, 12, 0, '2025-06-14', 'Present'),
(400, 46, 12, 0, '2025-06-14', 'Present'),
(401, 47, 12, 0, '2025-06-14', 'Present'),
(402, 48, 12, 0, '2025-06-14', 'Present'),
(403, 49, 12, 0, '2025-06-14', 'Present'),
(404, 50, 12, 0, '2025-06-14', 'Present'),
(405, 51, 12, 0, '2025-06-14', 'Present'),
(406, 52, 12, 0, '2025-06-14', 'Present'),
(407, 53, 12, 0, '2025-06-14', 'Present'),
(408, 54, 12, 0, '2025-06-14', 'Present'),
(409, 55, 12, 0, '2025-06-14', 'Present'),
(410, 56, 12, 0, '2025-06-14', 'Present'),
(411, 57, 12, 0, '2025-06-14', 'Present'),
(412, 58, 12, 0, '2025-06-14', 'Present'),
(413, 59, 12, 0, '2025-06-14', 'Present'),
(414, 60, 12, 0, '2025-06-14', 'Present'),
(415, 61, 12, 0, '2025-06-14', 'Present'),
(416, 62, 12, 0, '2025-06-14', 'Present'),
(417, 63, 12, 0, '2025-06-14', 'Present'),
(418, 64, 12, 0, '2025-06-14', 'Present'),
(419, 65, 12, 0, '2025-06-14', 'Present'),
(420, 66, 12, 0, '2025-06-14', 'Present'),
(421, 68, 12, 0, '2025-06-14', 'Present'),
(422, 44, 12, 0, '2025-06-13', 'Present'),
(423, 45, 12, 0, '2025-06-13', 'Present'),
(424, 46, 12, 0, '2025-06-13', 'Present'),
(425, 47, 12, 0, '2025-06-13', 'Present'),
(426, 48, 12, 0, '2025-06-13', 'Present'),
(427, 49, 12, 0, '2025-06-13', 'Present'),
(428, 50, 12, 0, '2025-06-13', 'Present'),
(429, 51, 12, 0, '2025-06-13', 'Present'),
(430, 52, 12, 0, '2025-06-13', 'Present'),
(431, 53, 12, 0, '2025-06-13', 'Present'),
(432, 54, 12, 0, '2025-06-13', 'Present'),
(433, 55, 12, 0, '2025-06-13', 'Present'),
(434, 56, 12, 0, '2025-06-13', 'Present'),
(435, 57, 12, 0, '2025-06-13', 'Present'),
(436, 58, 12, 0, '2025-06-13', 'Present'),
(437, 59, 12, 0, '2025-06-13', 'Present'),
(438, 60, 12, 0, '2025-06-13', 'Present'),
(439, 61, 12, 0, '2025-06-13', 'Present'),
(440, 62, 12, 0, '2025-06-13', 'Present'),
(441, 63, 12, 0, '2025-06-13', 'Present'),
(442, 64, 12, 0, '2025-06-13', 'Present'),
(443, 65, 12, 0, '2025-06-13', 'Present'),
(444, 66, 12, 0, '2025-06-13', 'Present'),
(445, 68, 12, 0, '2025-06-13', 'Present'),
(446, 44, 12, 0, '2025-06-12', 'Present'),
(447, 45, 12, 0, '2025-06-12', 'Present'),
(448, 46, 12, 0, '2025-06-12', 'Present'),
(449, 47, 12, 0, '2025-06-12', 'Present'),
(450, 48, 12, 0, '2025-06-12', 'Present'),
(451, 49, 12, 0, '2025-06-12', 'Present'),
(452, 50, 12, 0, '2025-06-12', 'Present'),
(453, 51, 12, 0, '2025-06-12', 'Present'),
(454, 52, 12, 0, '2025-06-12', 'Present'),
(455, 53, 12, 0, '2025-06-12', 'Present'),
(456, 54, 12, 0, '2025-06-12', 'Present'),
(457, 55, 12, 0, '2025-06-12', 'Present'),
(458, 56, 12, 0, '2025-06-12', 'Present'),
(459, 57, 12, 0, '2025-06-12', 'Present'),
(460, 58, 12, 0, '2025-06-12', 'Present'),
(461, 59, 12, 0, '2025-06-12', 'Present'),
(462, 60, 12, 0, '2025-06-12', 'Present'),
(463, 61, 12, 0, '2025-06-12', 'Present'),
(464, 62, 12, 0, '2025-06-12', 'Present'),
(465, 63, 12, 0, '2025-06-12', 'Present'),
(466, 64, 12, 0, '2025-06-12', 'Present'),
(467, 65, 12, 0, '2025-06-12', 'Present'),
(468, 66, 12, 0, '2025-06-12', 'Present'),
(469, 68, 12, 0, '2025-06-12', 'Present'),
(470, 44, 12, 0, '2025-06-11', 'Present'),
(471, 45, 12, 0, '2025-06-11', 'Present'),
(472, 46, 12, 0, '2025-06-11', 'Present'),
(473, 47, 12, 0, '2025-06-11', 'Present'),
(474, 48, 12, 0, '2025-06-11', 'Present'),
(475, 49, 12, 0, '2025-06-11', 'Present'),
(476, 50, 12, 0, '2025-06-11', 'Present'),
(477, 51, 12, 0, '2025-06-11', 'Present'),
(478, 52, 12, 0, '2025-06-11', 'Present'),
(479, 53, 12, 0, '2025-06-11', 'Present'),
(480, 54, 12, 0, '2025-06-11', 'Present'),
(481, 55, 12, 0, '2025-06-11', 'Present'),
(482, 56, 12, 0, '2025-06-11', 'Present'),
(483, 57, 12, 0, '2025-06-11', 'Present'),
(484, 58, 12, 0, '2025-06-11', 'Present'),
(485, 59, 12, 0, '2025-06-11', 'Present'),
(486, 60, 12, 0, '2025-06-11', 'Present'),
(487, 61, 12, 0, '2025-06-11', 'Present'),
(488, 62, 12, 0, '2025-06-11', 'Present'),
(489, 63, 12, 0, '2025-06-11', 'Present'),
(490, 64, 12, 0, '2025-06-11', 'Present'),
(491, 65, 12, 0, '2025-06-11', 'Present'),
(492, 66, 12, 0, '2025-06-11', 'Present'),
(493, 68, 12, 0, '2025-06-11', 'Present'),
(494, 44, 12, 0, '2025-06-10', 'Present'),
(495, 45, 12, 0, '2025-06-10', 'Present'),
(496, 46, 12, 0, '2025-06-10', 'Present'),
(497, 47, 12, 0, '2025-06-10', 'Present'),
(498, 48, 12, 0, '2025-06-10', 'Present'),
(499, 49, 12, 0, '2025-06-10', 'Present'),
(500, 50, 12, 0, '2025-06-10', 'Present'),
(501, 51, 12, 0, '2025-06-10', 'Present'),
(502, 52, 12, 0, '2025-06-10', 'Present'),
(503, 53, 12, 0, '2025-06-10', 'Present'),
(504, 54, 12, 0, '2025-06-10', 'Present'),
(505, 55, 12, 0, '2025-06-10', 'Present'),
(506, 56, 12, 0, '2025-06-10', 'Present'),
(507, 57, 12, 0, '2025-06-10', 'Present'),
(508, 58, 12, 0, '2025-06-10', 'Present'),
(509, 59, 12, 0, '2025-06-10', 'Present'),
(510, 60, 12, 0, '2025-06-10', 'Present'),
(511, 61, 12, 0, '2025-06-10', 'Present'),
(512, 62, 12, 0, '2025-06-10', 'Present'),
(513, 63, 12, 0, '2025-06-10', 'Present'),
(514, 64, 12, 0, '2025-06-10', 'Present'),
(515, 65, 12, 0, '2025-06-10', 'Present'),
(516, 66, 12, 0, '2025-06-10', 'Present'),
(517, 68, 12, 0, '2025-06-10', 'Present'),
(518, 44, 12, 0, '2025-06-09', 'Present'),
(519, 45, 12, 0, '2025-06-09', 'Present'),
(520, 46, 12, 0, '2025-06-09', 'Present'),
(521, 47, 12, 0, '2025-06-09', 'Present'),
(522, 48, 12, 0, '2025-06-09', 'Present'),
(523, 49, 12, 0, '2025-06-09', 'Present'),
(524, 50, 12, 0, '2025-06-09', 'Present'),
(525, 51, 12, 0, '2025-06-09', 'Present'),
(526, 52, 12, 0, '2025-06-09', 'Present'),
(527, 53, 12, 0, '2025-06-09', 'Present'),
(528, 54, 12, 0, '2025-06-09', 'Present'),
(529, 55, 12, 0, '2025-06-09', 'Present'),
(530, 56, 12, 0, '2025-06-09', 'Present'),
(531, 57, 12, 0, '2025-06-09', 'Present'),
(532, 58, 12, 0, '2025-06-09', 'Present'),
(533, 59, 12, 0, '2025-06-09', 'Present'),
(534, 60, 12, 0, '2025-06-09', 'Present'),
(535, 61, 12, 0, '2025-06-09', 'Present'),
(536, 62, 12, 0, '2025-06-09', 'Present'),
(537, 63, 12, 0, '2025-06-09', 'Present'),
(538, 64, 12, 0, '2025-06-09', 'Present'),
(539, 65, 12, 0, '2025-06-09', 'Present'),
(540, 66, 12, 0, '2025-06-09', 'Present'),
(541, 68, 12, 0, '2025-06-09', 'Present'),
(542, 44, 12, 0, '2025-06-08', 'Present'),
(543, 45, 12, 0, '2025-06-08', 'Present'),
(544, 46, 12, 0, '2025-06-08', 'Present'),
(545, 47, 12, 0, '2025-06-08', 'Present'),
(546, 48, 12, 0, '2025-06-08', 'Present'),
(547, 49, 12, 0, '2025-06-08', 'Present'),
(548, 50, 12, 0, '2025-06-08', 'Present'),
(549, 51, 12, 0, '2025-06-08', 'Present'),
(550, 52, 12, 0, '2025-06-08', 'Present'),
(551, 53, 12, 0, '2025-06-08', 'Present'),
(552, 54, 12, 0, '2025-06-08', 'Present'),
(553, 55, 12, 0, '2025-06-08', 'Present'),
(554, 56, 12, 0, '2025-06-08', 'Present'),
(555, 57, 12, 0, '2025-06-08', 'Present'),
(556, 58, 12, 0, '2025-06-08', 'Present'),
(557, 59, 12, 0, '2025-06-08', 'Present'),
(558, 60, 12, 0, '2025-06-08', 'Present'),
(559, 61, 12, 0, '2025-06-08', 'Present'),
(560, 62, 12, 0, '2025-06-08', 'Present'),
(561, 63, 12, 0, '2025-06-08', 'Present'),
(562, 64, 12, 0, '2025-06-08', 'Present'),
(563, 65, 12, 0, '2025-06-08', 'Present'),
(564, 66, 12, 0, '2025-06-08', 'Present'),
(565, 68, 12, 0, '2025-06-08', 'Present'),
(566, 44, 12, 0, '2025-06-07', 'Present'),
(567, 45, 12, 0, '2025-06-07', 'Present'),
(568, 46, 12, 0, '2025-06-07', 'Present'),
(569, 47, 12, 0, '2025-06-07', 'Present'),
(570, 48, 12, 0, '2025-06-07', 'Present'),
(571, 49, 12, 0, '2025-06-07', 'Present'),
(572, 50, 12, 0, '2025-06-07', 'Present'),
(573, 51, 12, 0, '2025-06-07', 'Present'),
(574, 52, 12, 0, '2025-06-07', 'Present'),
(575, 53, 12, 0, '2025-06-07', 'Present'),
(576, 54, 12, 0, '2025-06-07', 'Present'),
(577, 55, 12, 0, '2025-06-07', 'Present'),
(578, 56, 12, 0, '2025-06-07', 'Present'),
(579, 57, 12, 0, '2025-06-07', 'Present'),
(580, 58, 12, 0, '2025-06-07', 'Present'),
(581, 59, 12, 0, '2025-06-07', 'Present'),
(582, 60, 12, 0, '2025-06-07', 'Present'),
(583, 61, 12, 0, '2025-06-07', 'Present'),
(584, 62, 12, 0, '2025-06-07', 'Present'),
(585, 63, 12, 0, '2025-06-07', 'Present'),
(586, 64, 12, 0, '2025-06-07', 'Present'),
(587, 65, 12, 0, '2025-06-07', 'Present'),
(588, 66, 12, 0, '2025-06-07', 'Present'),
(589, 68, 12, 0, '2025-06-07', 'Present'),
(590, 44, 12, 0, '2025-06-05', 'Present'),
(591, 45, 12, 0, '2025-06-05', 'Present'),
(592, 46, 12, 0, '2025-06-05', 'Present'),
(593, 47, 12, 0, '2025-06-05', 'Present'),
(594, 48, 12, 0, '2025-06-05', 'Present'),
(595, 49, 12, 0, '2025-06-05', 'Present'),
(596, 50, 12, 0, '2025-06-05', 'Present'),
(597, 51, 12, 0, '2025-06-05', 'Present'),
(598, 52, 12, 0, '2025-06-05', 'Present'),
(599, 53, 12, 0, '2025-06-05', 'Present'),
(600, 54, 12, 0, '2025-06-05', 'Present'),
(601, 55, 12, 0, '2025-06-05', 'Present'),
(602, 56, 12, 0, '2025-06-05', 'Present'),
(603, 57, 12, 0, '2025-06-05', 'Present'),
(604, 58, 12, 0, '2025-06-05', 'Present'),
(605, 59, 12, 0, '2025-06-05', 'Present'),
(606, 60, 12, 0, '2025-06-05', 'Present'),
(607, 61, 12, 0, '2025-06-05', 'Present'),
(608, 62, 12, 0, '2025-06-05', 'Present'),
(609, 63, 12, 0, '2025-06-05', 'Present'),
(610, 64, 12, 0, '2025-06-05', 'Present'),
(611, 65, 12, 0, '2025-06-05', 'Present'),
(612, 66, 12, 0, '2025-06-05', 'Present'),
(613, 68, 12, 0, '2025-06-05', 'Present'),
(614, 44, 15, 0, '2025-06-29', 'Present'),
(615, 45, 15, 0, '2025-06-29', 'Present'),
(616, 46, 15, 0, '2025-06-29', 'Present'),
(617, 47, 15, 0, '2025-06-29', 'Present'),
(618, 48, 15, 0, '2025-06-29', 'Present'),
(619, 49, 15, 0, '2025-06-29', 'Present'),
(620, 50, 15, 0, '2025-06-29', 'Present'),
(621, 51, 15, 0, '2025-06-29', 'Present'),
(622, 52, 15, 0, '2025-06-29', 'Present'),
(623, 53, 15, 0, '2025-06-29', 'Present'),
(624, 54, 15, 0, '2025-06-29', 'Present'),
(625, 55, 15, 0, '2025-06-29', 'Present'),
(626, 56, 15, 0, '2025-06-29', 'Present'),
(627, 57, 15, 0, '2025-06-29', 'Present'),
(628, 58, 15, 0, '2025-06-29', 'Present'),
(629, 59, 15, 0, '2025-06-29', 'Present'),
(630, 60, 15, 0, '2025-06-29', 'Present'),
(631, 61, 15, 0, '2025-06-29', 'Present'),
(632, 62, 15, 0, '2025-06-29', 'Present'),
(633, 63, 15, 0, '2025-06-29', 'Present'),
(634, 64, 15, 0, '2025-06-29', 'Present'),
(635, 65, 15, 0, '2025-06-29', 'Present'),
(636, 66, 15, 0, '2025-06-29', 'Present'),
(637, 68, 15, 0, '2025-06-29', 'Present'),
(638, 44, 15, 0, '2025-06-28', 'Present'),
(639, 45, 15, 0, '2025-06-28', 'Present'),
(640, 46, 15, 0, '2025-06-28', 'Absent'),
(641, 47, 15, 0, '2025-06-28', 'Present'),
(642, 48, 15, 0, '2025-06-28', 'Absent'),
(643, 49, 15, 0, '2025-06-28', 'Present'),
(644, 50, 15, 0, '2025-06-28', 'Present'),
(645, 51, 15, 0, '2025-06-28', 'Present'),
(646, 52, 15, 0, '2025-06-28', 'Present'),
(647, 53, 15, 0, '2025-06-28', 'Present'),
(648, 54, 15, 0, '2025-06-28', 'Present'),
(649, 55, 15, 0, '2025-06-28', 'Present'),
(650, 56, 15, 0, '2025-06-28', 'Present'),
(651, 57, 15, 0, '2025-06-28', 'Absent'),
(652, 58, 15, 0, '2025-06-28', 'Present'),
(653, 59, 15, 0, '2025-06-28', 'Present'),
(654, 60, 15, 0, '2025-06-28', 'Present'),
(655, 61, 15, 0, '2025-06-28', 'Absent'),
(656, 62, 15, 0, '2025-06-28', 'Present'),
(657, 63, 15, 0, '2025-06-28', 'Present'),
(658, 64, 15, 0, '2025-06-28', 'Present'),
(659, 65, 15, 0, '2025-06-28', 'Present'),
(660, 66, 15, 0, '2025-06-28', 'Absent'),
(661, 68, 15, 0, '2025-06-28', 'Present'),
(662, 44, 15, 0, '2025-06-27', 'Present'),
(663, 45, 15, 0, '2025-06-27', 'Absent'),
(664, 46, 15, 0, '2025-06-27', 'Present'),
(665, 47, 15, 0, '2025-06-27', 'Present'),
(666, 48, 15, 0, '2025-06-27', 'Present'),
(667, 49, 15, 0, '2025-06-27', 'Present'),
(668, 50, 15, 0, '2025-06-27', 'Absent'),
(669, 51, 15, 0, '2025-06-27', 'Present'),
(670, 52, 15, 0, '2025-06-27', 'Present'),
(671, 53, 15, 0, '2025-06-27', 'Present'),
(672, 54, 15, 0, '2025-06-27', 'Present'),
(673, 55, 15, 0, '2025-06-27', 'Absent'),
(674, 56, 15, 0, '2025-06-27', 'Present'),
(675, 57, 15, 0, '2025-06-27', 'Present'),
(676, 58, 15, 0, '2025-06-27', 'Present'),
(677, 59, 15, 0, '2025-06-27', 'Present'),
(678, 60, 15, 0, '2025-06-27', 'Absent'),
(679, 61, 15, 0, '2025-06-27', 'Present'),
(680, 62, 15, 0, '2025-06-27', 'Present'),
(681, 63, 15, 0, '2025-06-27', 'Absent'),
(682, 64, 15, 0, '2025-06-27', 'Present'),
(683, 65, 15, 0, '2025-06-27', 'Present'),
(684, 66, 15, 0, '2025-06-27', 'Present'),
(685, 68, 15, 0, '2025-06-27', 'Absent'),
(686, 44, 15, 0, '2025-06-26', 'Absent'),
(687, 45, 15, 0, '2025-06-26', 'Present'),
(688, 46, 15, 0, '2025-06-26', 'Present'),
(689, 47, 15, 0, '2025-06-26', 'Present'),
(690, 48, 15, 0, '2025-06-26', 'Present'),
(691, 49, 15, 0, '2025-06-26', 'Present'),
(692, 50, 15, 0, '2025-06-26', 'Absent'),
(693, 51, 15, 0, '2025-06-26', 'Present'),
(694, 52, 15, 0, '2025-06-26', 'Present'),
(695, 53, 15, 0, '2025-06-26', 'Present'),
(696, 54, 15, 0, '2025-06-26', 'Present'),
(697, 55, 15, 0, '2025-06-26', 'Absent'),
(698, 56, 15, 0, '2025-06-26', 'Present'),
(699, 57, 15, 0, '2025-06-26', 'Present'),
(700, 58, 15, 0, '2025-06-26', 'Present'),
(701, 59, 15, 0, '2025-06-26', 'Present'),
(702, 60, 15, 0, '2025-06-26', 'Present'),
(703, 61, 15, 0, '2025-06-26', 'Present'),
(704, 62, 15, 0, '2025-06-26', 'Present'),
(705, 63, 15, 0, '2025-06-26', 'Present'),
(706, 64, 15, 0, '2025-06-26', 'Absent'),
(707, 65, 15, 0, '2025-06-26', 'Present'),
(708, 66, 15, 0, '2025-06-26', 'Present'),
(709, 68, 15, 0, '2025-06-26', 'Present'),
(710, 44, 15, 0, '2025-06-25', 'Present'),
(711, 45, 15, 0, '2025-06-25', 'Present'),
(712, 46, 15, 0, '2025-06-25', 'Present'),
(713, 47, 15, 0, '2025-06-25', 'Present'),
(714, 48, 15, 0, '2025-06-25', 'Present'),
(715, 49, 15, 0, '2025-06-25', 'Present'),
(716, 50, 15, 0, '2025-06-25', 'Present'),
(717, 51, 15, 0, '2025-06-25', 'Present'),
(718, 52, 15, 0, '2025-06-25', 'Present'),
(719, 53, 15, 0, '2025-06-25', 'Present'),
(720, 54, 15, 0, '2025-06-25', 'Present'),
(721, 55, 15, 0, '2025-06-25', 'Present'),
(722, 56, 15, 0, '2025-06-25', 'Present'),
(723, 57, 15, 0, '2025-06-25', 'Present'),
(724, 58, 15, 0, '2025-06-25', 'Present'),
(725, 59, 15, 0, '2025-06-25', 'Present'),
(726, 60, 15, 0, '2025-06-25', 'Present'),
(727, 61, 15, 0, '2025-06-25', 'Present'),
(728, 62, 15, 0, '2025-06-25', 'Present'),
(729, 63, 15, 0, '2025-06-25', 'Present'),
(730, 64, 15, 0, '2025-06-25', 'Present'),
(731, 65, 15, 0, '2025-06-25', 'Present'),
(732, 66, 15, 0, '2025-06-25', 'Present'),
(733, 68, 15, 0, '2025-06-25', 'Present'),
(734, 44, 15, 0, '2025-06-24', 'Present'),
(735, 45, 15, 0, '2025-06-24', 'Present'),
(736, 46, 15, 0, '2025-06-24', 'Present'),
(737, 47, 15, 0, '2025-06-24', 'Present'),
(738, 48, 15, 0, '2025-06-24', 'Present'),
(739, 49, 15, 0, '2025-06-24', 'Present'),
(740, 50, 15, 0, '2025-06-24', 'Present'),
(741, 51, 15, 0, '2025-06-24', 'Present'),
(742, 52, 15, 0, '2025-06-24', 'Present'),
(743, 53, 15, 0, '2025-06-24', 'Present'),
(744, 54, 15, 0, '2025-06-24', 'Present'),
(745, 55, 15, 0, '2025-06-24', 'Present'),
(746, 56, 15, 0, '2025-06-24', 'Present'),
(747, 57, 15, 0, '2025-06-24', 'Present'),
(748, 58, 15, 0, '2025-06-24', 'Present'),
(749, 59, 15, 0, '2025-06-24', 'Present'),
(750, 60, 15, 0, '2025-06-24', 'Present'),
(751, 61, 15, 0, '2025-06-24', 'Present'),
(752, 62, 15, 0, '2025-06-24', 'Present'),
(753, 63, 15, 0, '2025-06-24', 'Present'),
(754, 64, 15, 0, '2025-06-24', 'Present'),
(755, 65, 15, 0, '2025-06-24', 'Present'),
(756, 66, 15, 0, '2025-06-24', 'Present'),
(757, 68, 15, 0, '2025-06-24', 'Present'),
(758, 44, 15, 0, '2025-06-23', 'Present'),
(759, 45, 15, 0, '2025-06-23', 'Present'),
(760, 46, 15, 0, '2025-06-23', 'Present'),
(761, 47, 15, 0, '2025-06-23', 'Present'),
(762, 48, 15, 0, '2025-06-23', 'Present'),
(763, 49, 15, 0, '2025-06-23', 'Present'),
(764, 50, 15, 0, '2025-06-23', 'Present'),
(765, 51, 15, 0, '2025-06-23', 'Present'),
(766, 52, 15, 0, '2025-06-23', 'Present'),
(767, 53, 15, 0, '2025-06-23', 'Present'),
(768, 54, 15, 0, '2025-06-23', 'Present'),
(769, 55, 15, 0, '2025-06-23', 'Present'),
(770, 56, 15, 0, '2025-06-23', 'Present'),
(771, 57, 15, 0, '2025-06-23', 'Present'),
(772, 58, 15, 0, '2025-06-23', 'Present'),
(773, 59, 15, 0, '2025-06-23', 'Present'),
(774, 60, 15, 0, '2025-06-23', 'Present'),
(775, 61, 15, 0, '2025-06-23', 'Present'),
(776, 62, 15, 0, '2025-06-23', 'Present'),
(777, 63, 15, 0, '2025-06-23', 'Present'),
(778, 64, 15, 0, '2025-06-23', 'Present'),
(779, 65, 15, 0, '2025-06-23', 'Present'),
(780, 66, 15, 0, '2025-06-23', 'Present'),
(781, 68, 15, 0, '2025-06-23', 'Present'),
(782, 44, 15, 0, '2025-06-22', 'Present'),
(783, 45, 15, 0, '2025-06-22', 'Present'),
(784, 46, 15, 0, '2025-06-22', 'Present'),
(785, 47, 15, 0, '2025-06-22', 'Present'),
(786, 48, 15, 0, '2025-06-22', 'Present'),
(787, 49, 15, 0, '2025-06-22', 'Present'),
(788, 50, 15, 0, '2025-06-22', 'Present'),
(789, 51, 15, 0, '2025-06-22', 'Present'),
(790, 52, 15, 0, '2025-06-22', 'Present'),
(791, 53, 15, 0, '2025-06-22', 'Present'),
(792, 54, 15, 0, '2025-06-22', 'Present'),
(793, 55, 15, 0, '2025-06-22', 'Present'),
(794, 56, 15, 0, '2025-06-22', 'Present'),
(795, 57, 15, 0, '2025-06-22', 'Present'),
(796, 58, 15, 0, '2025-06-22', 'Present'),
(797, 59, 15, 0, '2025-06-22', 'Present'),
(798, 60, 15, 0, '2025-06-22', 'Present'),
(799, 61, 15, 0, '2025-06-22', 'Present'),
(800, 62, 15, 0, '2025-06-22', 'Present'),
(801, 63, 15, 0, '2025-06-22', 'Present'),
(802, 64, 15, 0, '2025-06-22', 'Present'),
(803, 65, 15, 0, '2025-06-22', 'Present'),
(804, 66, 15, 0, '2025-06-22', 'Present'),
(805, 68, 15, 0, '2025-06-22', 'Present'),
(806, 44, 15, 0, '2025-06-21', 'Present'),
(807, 45, 15, 0, '2025-06-21', 'Present'),
(808, 46, 15, 0, '2025-06-21', 'Present'),
(809, 47, 15, 0, '2025-06-21', 'Present'),
(810, 48, 15, 0, '2025-06-21', 'Present'),
(811, 49, 15, 0, '2025-06-21', 'Present'),
(812, 50, 15, 0, '2025-06-21', 'Present'),
(813, 51, 15, 0, '2025-06-21', 'Present'),
(814, 52, 15, 0, '2025-06-21', 'Present'),
(815, 53, 15, 0, '2025-06-21', 'Present'),
(816, 54, 15, 0, '2025-06-21', 'Present'),
(817, 55, 15, 0, '2025-06-21', 'Present'),
(818, 56, 15, 0, '2025-06-21', 'Present'),
(819, 57, 15, 0, '2025-06-21', 'Present'),
(820, 58, 15, 0, '2025-06-21', 'Present'),
(821, 59, 15, 0, '2025-06-21', 'Present'),
(822, 60, 15, 0, '2025-06-21', 'Present'),
(823, 61, 15, 0, '2025-06-21', 'Present'),
(824, 62, 15, 0, '2025-06-21', 'Present'),
(825, 63, 15, 0, '2025-06-21', 'Present'),
(826, 64, 15, 0, '2025-06-21', 'Present'),
(827, 65, 15, 0, '2025-06-21', 'Present'),
(828, 66, 15, 0, '2025-06-21', 'Present'),
(829, 68, 15, 0, '2025-06-21', 'Present'),
(830, 44, 15, 0, '2025-06-20', 'Present'),
(831, 45, 15, 0, '2025-06-20', 'Present'),
(832, 46, 15, 0, '2025-06-20', 'Present'),
(833, 47, 15, 0, '2025-06-20', 'Present'),
(834, 48, 15, 0, '2025-06-20', 'Present'),
(835, 49, 15, 0, '2025-06-20', 'Present'),
(836, 50, 15, 0, '2025-06-20', 'Present'),
(837, 51, 15, 0, '2025-06-20', 'Present'),
(838, 52, 15, 0, '2025-06-20', 'Present'),
(839, 53, 15, 0, '2025-06-20', 'Present'),
(840, 54, 15, 0, '2025-06-20', 'Present'),
(841, 55, 15, 0, '2025-06-20', 'Present'),
(842, 56, 15, 0, '2025-06-20', 'Present'),
(843, 57, 15, 0, '2025-06-20', 'Present'),
(844, 58, 15, 0, '2025-06-20', 'Present'),
(845, 59, 15, 0, '2025-06-20', 'Present'),
(846, 60, 15, 0, '2025-06-20', 'Present'),
(847, 61, 15, 0, '2025-06-20', 'Present'),
(848, 62, 15, 0, '2025-06-20', 'Present'),
(849, 63, 15, 0, '2025-06-20', 'Present'),
(850, 64, 15, 0, '2025-06-20', 'Present'),
(851, 65, 15, 0, '2025-06-20', 'Present'),
(852, 66, 15, 0, '2025-06-20', 'Present'),
(853, 68, 15, 0, '2025-06-20', 'Present'),
(854, 44, 15, 0, '2025-06-19', 'Present'),
(855, 45, 15, 0, '2025-06-19', 'Present'),
(856, 46, 15, 0, '2025-06-19', 'Present'),
(857, 47, 15, 0, '2025-06-19', 'Present'),
(858, 48, 15, 0, '2025-06-19', 'Present'),
(859, 49, 15, 0, '2025-06-19', 'Present'),
(860, 50, 15, 0, '2025-06-19', 'Present'),
(861, 51, 15, 0, '2025-06-19', 'Present'),
(862, 52, 15, 0, '2025-06-19', 'Present'),
(863, 53, 15, 0, '2025-06-19', 'Present'),
(864, 54, 15, 0, '2025-06-19', 'Present'),
(865, 55, 15, 0, '2025-06-19', 'Present'),
(866, 56, 15, 0, '2025-06-19', 'Present'),
(867, 57, 15, 0, '2025-06-19', 'Present'),
(868, 58, 15, 0, '2025-06-19', 'Present'),
(869, 59, 15, 0, '2025-06-19', 'Present'),
(870, 60, 15, 0, '2025-06-19', 'Present'),
(871, 61, 15, 0, '2025-06-19', 'Present'),
(872, 62, 15, 0, '2025-06-19', 'Present'),
(873, 63, 15, 0, '2025-06-19', 'Present'),
(874, 64, 15, 0, '2025-06-19', 'Present'),
(875, 65, 15, 0, '2025-06-19', 'Present'),
(876, 66, 15, 0, '2025-06-19', 'Present'),
(877, 68, 15, 0, '2025-06-19', 'Present'),
(878, 44, 15, 0, '2025-06-18', 'Present'),
(879, 45, 15, 0, '2025-06-18', 'Present'),
(880, 46, 15, 0, '2025-06-18', 'Present'),
(881, 47, 15, 0, '2025-06-18', 'Present'),
(882, 48, 15, 0, '2025-06-18', 'Present'),
(883, 49, 15, 0, '2025-06-18', 'Present'),
(884, 50, 15, 0, '2025-06-18', 'Present'),
(885, 51, 15, 0, '2025-06-18', 'Present'),
(886, 52, 15, 0, '2025-06-18', 'Present'),
(887, 53, 15, 0, '2025-06-18', 'Present'),
(888, 54, 15, 0, '2025-06-18', 'Present'),
(889, 55, 15, 0, '2025-06-18', 'Present'),
(890, 56, 15, 0, '2025-06-18', 'Present'),
(891, 57, 15, 0, '2025-06-18', 'Present'),
(892, 58, 15, 0, '2025-06-18', 'Present'),
(893, 59, 15, 0, '2025-06-18', 'Present'),
(894, 60, 15, 0, '2025-06-18', 'Present'),
(895, 61, 15, 0, '2025-06-18', 'Present'),
(896, 62, 15, 0, '2025-06-18', 'Present'),
(897, 63, 15, 0, '2025-06-18', 'Present'),
(898, 64, 15, 0, '2025-06-18', 'Present'),
(899, 65, 15, 0, '2025-06-18', 'Present'),
(900, 66, 15, 0, '2025-06-18', 'Present'),
(901, 68, 15, 0, '2025-06-18', 'Present'),
(902, 44, 15, 0, '2025-06-17', 'Present'),
(903, 45, 15, 0, '2025-06-17', 'Present'),
(904, 46, 15, 0, '2025-06-17', 'Present'),
(905, 47, 15, 0, '2025-06-17', 'Present'),
(906, 48, 15, 0, '2025-06-17', 'Present'),
(907, 49, 15, 0, '2025-06-17', 'Present'),
(908, 50, 15, 0, '2025-06-17', 'Present'),
(909, 51, 15, 0, '2025-06-17', 'Present'),
(910, 52, 15, 0, '2025-06-17', 'Present'),
(911, 53, 15, 0, '2025-06-17', 'Present'),
(912, 54, 15, 0, '2025-06-17', 'Present'),
(913, 55, 15, 0, '2025-06-17', 'Present'),
(914, 56, 15, 0, '2025-06-17', 'Present'),
(915, 57, 15, 0, '2025-06-17', 'Present'),
(916, 58, 15, 0, '2025-06-17', 'Present'),
(917, 59, 15, 0, '2025-06-17', 'Present'),
(918, 60, 15, 0, '2025-06-17', 'Present'),
(919, 61, 15, 0, '2025-06-17', 'Present'),
(920, 62, 15, 0, '2025-06-17', 'Present'),
(921, 63, 15, 0, '2025-06-17', 'Present'),
(922, 64, 15, 0, '2025-06-17', 'Present'),
(923, 65, 15, 0, '2025-06-17', 'Present'),
(924, 66, 15, 0, '2025-06-17', 'Present'),
(925, 68, 15, 0, '2025-06-17', 'Present'),
(926, 44, 15, 0, '2025-06-16', 'Present'),
(927, 45, 15, 0, '2025-06-16', 'Present'),
(928, 46, 15, 0, '2025-06-16', 'Present'),
(929, 47, 15, 0, '2025-06-16', 'Present'),
(930, 48, 15, 0, '2025-06-16', 'Present'),
(931, 49, 15, 0, '2025-06-16', 'Present'),
(932, 50, 15, 0, '2025-06-16', 'Present'),
(933, 51, 15, 0, '2025-06-16', 'Present'),
(934, 52, 15, 0, '2025-06-16', 'Present'),
(935, 53, 15, 0, '2025-06-16', 'Present'),
(936, 54, 15, 0, '2025-06-16', 'Present'),
(937, 55, 15, 0, '2025-06-16', 'Present'),
(938, 56, 15, 0, '2025-06-16', 'Present'),
(939, 57, 15, 0, '2025-06-16', 'Present'),
(940, 58, 15, 0, '2025-06-16', 'Present'),
(941, 59, 15, 0, '2025-06-16', 'Present'),
(942, 60, 15, 0, '2025-06-16', 'Present'),
(943, 61, 15, 0, '2025-06-16', 'Present'),
(944, 62, 15, 0, '2025-06-16', 'Present'),
(945, 63, 15, 0, '2025-06-16', 'Present'),
(946, 64, 15, 0, '2025-06-16', 'Present'),
(947, 65, 15, 0, '2025-06-16', 'Present'),
(948, 66, 15, 0, '2025-06-16', 'Present'),
(949, 68, 15, 0, '2025-06-16', 'Present'),
(950, 44, 15, 0, '2025-06-15', 'Present'),
(951, 45, 15, 0, '2025-06-15', 'Present'),
(952, 46, 15, 0, '2025-06-15', 'Present'),
(953, 47, 15, 0, '2025-06-15', 'Present'),
(954, 48, 15, 0, '2025-06-15', 'Present'),
(955, 49, 15, 0, '2025-06-15', 'Present'),
(956, 50, 15, 0, '2025-06-15', 'Present'),
(957, 51, 15, 0, '2025-06-15', 'Present'),
(958, 52, 15, 0, '2025-06-15', 'Present'),
(959, 53, 15, 0, '2025-06-15', 'Present'),
(960, 54, 15, 0, '2025-06-15', 'Present'),
(961, 55, 15, 0, '2025-06-15', 'Present'),
(962, 56, 15, 0, '2025-06-15', 'Present'),
(963, 57, 15, 0, '2025-06-15', 'Present'),
(964, 58, 15, 0, '2025-06-15', 'Present'),
(965, 59, 15, 0, '2025-06-15', 'Present'),
(966, 60, 15, 0, '2025-06-15', 'Present'),
(967, 61, 15, 0, '2025-06-15', 'Present'),
(968, 62, 15, 0, '2025-06-15', 'Present'),
(969, 63, 15, 0, '2025-06-15', 'Present'),
(970, 64, 15, 0, '2025-06-15', 'Present'),
(971, 65, 15, 0, '2025-06-15', 'Present'),
(972, 66, 15, 0, '2025-06-15', 'Present'),
(973, 68, 15, 0, '2025-06-15', 'Present'),
(974, 44, 15, 0, '2025-06-14', 'Present'),
(975, 45, 15, 0, '2025-06-14', 'Present'),
(976, 46, 15, 0, '2025-06-14', 'Present'),
(977, 47, 15, 0, '2025-06-14', 'Present'),
(978, 48, 15, 0, '2025-06-14', 'Present'),
(979, 49, 15, 0, '2025-06-14', 'Present'),
(980, 50, 15, 0, '2025-06-14', 'Present'),
(981, 51, 15, 0, '2025-06-14', 'Present'),
(982, 52, 15, 0, '2025-06-14', 'Present'),
(983, 53, 15, 0, '2025-06-14', 'Present'),
(984, 54, 15, 0, '2025-06-14', 'Present'),
(985, 55, 15, 0, '2025-06-14', 'Present'),
(986, 56, 15, 0, '2025-06-14', 'Present'),
(987, 57, 15, 0, '2025-06-14', 'Present'),
(988, 58, 15, 0, '2025-06-14', 'Present'),
(989, 59, 15, 0, '2025-06-14', 'Present'),
(990, 60, 15, 0, '2025-06-14', 'Present'),
(991, 61, 15, 0, '2025-06-14', 'Present'),
(992, 62, 15, 0, '2025-06-14', 'Present'),
(993, 63, 15, 0, '2025-06-14', 'Present'),
(994, 64, 15, 0, '2025-06-14', 'Present'),
(995, 65, 15, 0, '2025-06-14', 'Present'),
(996, 66, 15, 0, '2025-06-14', 'Present'),
(997, 68, 15, 0, '2025-06-14', 'Present'),
(998, 44, 15, 0, '2025-06-13', 'Present'),
(999, 45, 15, 0, '2025-06-13', 'Present'),
(1000, 46, 15, 0, '2025-06-13', 'Present'),
(1001, 47, 15, 0, '2025-06-13', 'Present'),
(1002, 48, 15, 0, '2025-06-13', 'Present'),
(1003, 49, 15, 0, '2025-06-13', 'Present'),
(1004, 50, 15, 0, '2025-06-13', 'Present'),
(1005, 51, 15, 0, '2025-06-13', 'Present'),
(1006, 52, 15, 0, '2025-06-13', 'Present'),
(1007, 53, 15, 0, '2025-06-13', 'Present'),
(1008, 54, 15, 0, '2025-06-13', 'Present'),
(1009, 55, 15, 0, '2025-06-13', 'Present'),
(1010, 56, 15, 0, '2025-06-13', 'Present'),
(1011, 57, 15, 0, '2025-06-13', 'Present'),
(1012, 58, 15, 0, '2025-06-13', 'Present'),
(1013, 59, 15, 0, '2025-06-13', 'Present'),
(1014, 60, 15, 0, '2025-06-13', 'Present'),
(1015, 61, 15, 0, '2025-06-13', 'Present'),
(1016, 62, 15, 0, '2025-06-13', 'Present'),
(1017, 63, 15, 0, '2025-06-13', 'Present'),
(1018, 64, 15, 0, '2025-06-13', 'Present'),
(1019, 65, 15, 0, '2025-06-13', 'Present'),
(1020, 66, 15, 0, '2025-06-13', 'Present'),
(1021, 68, 15, 0, '2025-06-13', 'Present'),
(1022, 44, 15, 0, '2025-06-12', 'Present'),
(1023, 45, 15, 0, '2025-06-12', 'Present'),
(1024, 46, 15, 0, '2025-06-12', 'Present'),
(1025, 47, 15, 0, '2025-06-12', 'Present'),
(1026, 48, 15, 0, '2025-06-12', 'Present'),
(1027, 49, 15, 0, '2025-06-12', 'Present'),
(1028, 50, 15, 0, '2025-06-12', 'Present'),
(1029, 51, 15, 0, '2025-06-12', 'Present'),
(1030, 52, 15, 0, '2025-06-12', 'Present'),
(1031, 53, 15, 0, '2025-06-12', 'Present'),
(1032, 54, 15, 0, '2025-06-12', 'Present'),
(1033, 55, 15, 0, '2025-06-12', 'Present'),
(1034, 56, 15, 0, '2025-06-12', 'Present'),
(1035, 57, 15, 0, '2025-06-12', 'Present'),
(1036, 58, 15, 0, '2025-06-12', 'Present'),
(1037, 59, 15, 0, '2025-06-12', 'Present'),
(1038, 60, 15, 0, '2025-06-12', 'Present'),
(1039, 61, 15, 0, '2025-06-12', 'Present'),
(1040, 62, 15, 0, '2025-06-12', 'Present'),
(1041, 63, 15, 0, '2025-06-12', 'Present'),
(1042, 64, 15, 0, '2025-06-12', 'Present'),
(1043, 65, 15, 0, '2025-06-12', 'Present'),
(1044, 66, 15, 0, '2025-06-12', 'Present'),
(1045, 68, 15, 0, '2025-06-12', 'Present'),
(1046, 44, 15, 0, '2025-06-11', 'Present'),
(1047, 45, 15, 0, '2025-06-11', 'Present'),
(1048, 46, 15, 0, '2025-06-11', 'Present'),
(1049, 47, 15, 0, '2025-06-11', 'Present'),
(1050, 48, 15, 0, '2025-06-11', 'Present'),
(1051, 49, 15, 0, '2025-06-11', 'Present'),
(1052, 50, 15, 0, '2025-06-11', 'Present'),
(1053, 51, 15, 0, '2025-06-11', 'Present'),
(1054, 52, 15, 0, '2025-06-11', 'Present'),
(1055, 53, 15, 0, '2025-06-11', 'Present'),
(1056, 54, 15, 0, '2025-06-11', 'Present'),
(1057, 55, 15, 0, '2025-06-11', 'Present'),
(1058, 56, 15, 0, '2025-06-11', 'Present'),
(1059, 57, 15, 0, '2025-06-11', 'Present'),
(1060, 58, 15, 0, '2025-06-11', 'Present'),
(1061, 59, 15, 0, '2025-06-11', 'Present'),
(1062, 60, 15, 0, '2025-06-11', 'Present'),
(1063, 61, 15, 0, '2025-06-11', 'Present'),
(1064, 62, 15, 0, '2025-06-11', 'Present'),
(1065, 63, 15, 0, '2025-06-11', 'Present'),
(1066, 64, 15, 0, '2025-06-11', 'Present'),
(1067, 65, 15, 0, '2025-06-11', 'Present'),
(1068, 66, 15, 0, '2025-06-11', 'Present'),
(1069, 68, 15, 0, '2025-06-11', 'Present'),
(1070, 44, 15, 0, '2025-06-10', 'Present'),
(1071, 45, 15, 0, '2025-06-10', 'Present'),
(1072, 46, 15, 0, '2025-06-10', 'Present'),
(1073, 47, 15, 0, '2025-06-10', 'Present'),
(1074, 48, 15, 0, '2025-06-10', 'Present'),
(1075, 49, 15, 0, '2025-06-10', 'Present'),
(1076, 50, 15, 0, '2025-06-10', 'Present'),
(1077, 51, 15, 0, '2025-06-10', 'Present'),
(1078, 52, 15, 0, '2025-06-10', 'Present'),
(1079, 53, 15, 0, '2025-06-10', 'Present'),
(1080, 54, 15, 0, '2025-06-10', 'Present'),
(1081, 55, 15, 0, '2025-06-10', 'Present'),
(1082, 56, 15, 0, '2025-06-10', 'Present'),
(1083, 57, 15, 0, '2025-06-10', 'Present'),
(1084, 58, 15, 0, '2025-06-10', 'Present'),
(1085, 59, 15, 0, '2025-06-10', 'Present'),
(1086, 60, 15, 0, '2025-06-10', 'Present'),
(1087, 61, 15, 0, '2025-06-10', 'Present'),
(1088, 62, 15, 0, '2025-06-10', 'Present'),
(1089, 63, 15, 0, '2025-06-10', 'Present'),
(1090, 64, 15, 0, '2025-06-10', 'Present'),
(1091, 65, 15, 0, '2025-06-10', 'Present'),
(1092, 66, 15, 0, '2025-06-10', 'Present'),
(1093, 68, 15, 0, '2025-06-10', 'Present'),
(1094, 44, 15, 0, '2025-06-09', 'Present'),
(1095, 45, 15, 0, '2025-06-09', 'Present'),
(1096, 46, 15, 0, '2025-06-09', 'Present'),
(1097, 47, 15, 0, '2025-06-09', 'Present'),
(1098, 48, 15, 0, '2025-06-09', 'Present'),
(1099, 49, 15, 0, '2025-06-09', 'Present'),
(1100, 50, 15, 0, '2025-06-09', 'Present'),
(1101, 51, 15, 0, '2025-06-09', 'Present'),
(1102, 52, 15, 0, '2025-06-09', 'Present'),
(1103, 53, 15, 0, '2025-06-09', 'Present'),
(1104, 54, 15, 0, '2025-06-09', 'Present'),
(1105, 55, 15, 0, '2025-06-09', 'Present'),
(1106, 56, 15, 0, '2025-06-09', 'Present'),
(1107, 57, 15, 0, '2025-06-09', 'Present'),
(1108, 58, 15, 0, '2025-06-09', 'Present'),
(1109, 59, 15, 0, '2025-06-09', 'Present'),
(1110, 60, 15, 0, '2025-06-09', 'Present'),
(1111, 61, 15, 0, '2025-06-09', 'Present'),
(1112, 62, 15, 0, '2025-06-09', 'Present'),
(1113, 63, 15, 0, '2025-06-09', 'Present'),
(1114, 64, 15, 0, '2025-06-09', 'Present'),
(1115, 65, 15, 0, '2025-06-09', 'Present'),
(1116, 66, 15, 0, '2025-06-09', 'Present'),
(1117, 68, 15, 0, '2025-06-09', 'Present'),
(1118, 44, 15, 0, '2025-06-08', 'Present'),
(1119, 45, 15, 0, '2025-06-08', 'Present'),
(1120, 46, 15, 0, '2025-06-08', 'Present'),
(1121, 47, 15, 0, '2025-06-08', 'Present'),
(1122, 48, 15, 0, '2025-06-08', 'Present'),
(1123, 49, 15, 0, '2025-06-08', 'Present'),
(1124, 50, 15, 0, '2025-06-08', 'Present'),
(1125, 51, 15, 0, '2025-06-08', 'Present'),
(1126, 52, 15, 0, '2025-06-08', 'Present'),
(1127, 53, 15, 0, '2025-06-08', 'Present'),
(1128, 54, 15, 0, '2025-06-08', 'Present'),
(1129, 55, 15, 0, '2025-06-08', 'Present'),
(1130, 56, 15, 0, '2025-06-08', 'Present'),
(1131, 57, 15, 0, '2025-06-08', 'Present'),
(1132, 58, 15, 0, '2025-06-08', 'Present'),
(1133, 59, 15, 0, '2025-06-08', 'Present'),
(1134, 60, 15, 0, '2025-06-08', 'Present'),
(1135, 61, 15, 0, '2025-06-08', 'Present'),
(1136, 62, 15, 0, '2025-06-08', 'Present'),
(1137, 63, 15, 0, '2025-06-08', 'Present'),
(1138, 64, 15, 0, '2025-06-08', 'Present'),
(1139, 65, 15, 0, '2025-06-08', 'Present'),
(1140, 66, 15, 0, '2025-06-08', 'Present'),
(1141, 68, 15, 0, '2025-06-08', 'Present'),
(1142, 44, 15, 0, '2025-06-07', 'Present'),
(1143, 45, 15, 0, '2025-06-07', 'Present'),
(1144, 46, 15, 0, '2025-06-07', 'Present'),
(1145, 47, 15, 0, '2025-06-07', 'Present'),
(1146, 48, 15, 0, '2025-06-07', 'Present'),
(1147, 49, 15, 0, '2025-06-07', 'Present'),
(1148, 50, 15, 0, '2025-06-07', 'Present'),
(1149, 51, 15, 0, '2025-06-07', 'Present'),
(1150, 52, 15, 0, '2025-06-07', 'Present'),
(1151, 53, 15, 0, '2025-06-07', 'Present'),
(1152, 54, 15, 0, '2025-06-07', 'Present'),
(1153, 55, 15, 0, '2025-06-07', 'Present'),
(1154, 56, 15, 0, '2025-06-07', 'Present'),
(1155, 57, 15, 0, '2025-06-07', 'Present'),
(1156, 58, 15, 0, '2025-06-07', 'Present'),
(1157, 59, 15, 0, '2025-06-07', 'Present'),
(1158, 60, 15, 0, '2025-06-07', 'Present'),
(1159, 61, 15, 0, '2025-06-07', 'Present'),
(1160, 62, 15, 0, '2025-06-07', 'Present'),
(1161, 63, 15, 0, '2025-06-07', 'Present'),
(1162, 64, 15, 0, '2025-06-07', 'Present'),
(1163, 65, 15, 0, '2025-06-07', 'Present'),
(1164, 66, 15, 0, '2025-06-07', 'Present'),
(1165, 68, 15, 0, '2025-06-07', 'Present'),
(1166, 44, 15, 0, '2025-06-06', 'Present'),
(1167, 45, 15, 0, '2025-06-06', 'Present'),
(1168, 46, 15, 0, '2025-06-06', 'Present'),
(1169, 47, 15, 0, '2025-06-06', 'Present'),
(1170, 48, 15, 0, '2025-06-06', 'Present'),
(1171, 49, 15, 0, '2025-06-06', 'Present'),
(1172, 50, 15, 0, '2025-06-06', 'Present'),
(1173, 51, 15, 0, '2025-06-06', 'Present'),
(1174, 52, 15, 0, '2025-06-06', 'Present'),
(1175, 53, 15, 0, '2025-06-06', 'Present'),
(1176, 54, 15, 0, '2025-06-06', 'Present'),
(1177, 55, 15, 0, '2025-06-06', 'Present'),
(1178, 56, 15, 0, '2025-06-06', 'Present'),
(1179, 57, 15, 0, '2025-06-06', 'Present'),
(1180, 58, 15, 0, '2025-06-06', 'Present'),
(1181, 59, 15, 0, '2025-06-06', 'Present'),
(1182, 60, 15, 0, '2025-06-06', 'Present'),
(1183, 61, 15, 0, '2025-06-06', 'Present'),
(1184, 62, 15, 0, '2025-06-06', 'Present'),
(1185, 63, 15, 0, '2025-06-06', 'Present'),
(1186, 64, 15, 0, '2025-06-06', 'Present'),
(1187, 65, 15, 0, '2025-06-06', 'Present'),
(1188, 66, 15, 0, '2025-06-06', 'Present'),
(1189, 68, 15, 0, '2025-06-06', 'Present'),
(1190, 44, 15, 0, '2025-06-04', 'Present'),
(1191, 45, 15, 0, '2025-06-04', 'Present'),
(1192, 46, 15, 0, '2025-06-04', 'Present'),
(1193, 47, 15, 0, '2025-06-04', 'Present'),
(1194, 48, 15, 0, '2025-06-04', 'Present'),
(1195, 49, 15, 0, '2025-06-04', 'Present'),
(1196, 50, 15, 0, '2025-06-04', 'Present'),
(1197, 51, 15, 0, '2025-06-04', 'Present'),
(1198, 52, 15, 0, '2025-06-04', 'Present'),
(1199, 53, 15, 0, '2025-06-04', 'Present'),
(1200, 54, 15, 0, '2025-06-04', 'Present'),
(1201, 55, 15, 0, '2025-06-04', 'Present'),
(1202, 56, 15, 0, '2025-06-04', 'Present'),
(1203, 57, 15, 0, '2025-06-04', 'Present'),
(1204, 58, 15, 0, '2025-06-04', 'Present'),
(1205, 59, 15, 0, '2025-06-04', 'Present'),
(1206, 60, 15, 0, '2025-06-04', 'Present'),
(1207, 61, 15, 0, '2025-06-04', 'Present'),
(1208, 62, 15, 0, '2025-06-04', 'Present'),
(1209, 63, 15, 0, '2025-06-04', 'Present'),
(1210, 64, 15, 0, '2025-06-04', 'Present'),
(1211, 65, 15, 0, '2025-06-04', 'Present'),
(1212, 66, 15, 0, '2025-06-04', 'Present'),
(1213, 68, 15, 0, '2025-06-04', 'Present'),
(1214, 44, 15, 0, '2025-06-03', 'Present'),
(1215, 45, 15, 0, '2025-06-03', 'Present'),
(1216, 46, 15, 0, '2025-06-03', 'Present'),
(1217, 47, 15, 0, '2025-06-03', 'Absent'),
(1218, 48, 15, 0, '2025-06-03', 'Absent'),
(1219, 49, 15, 0, '2025-06-03', 'Present'),
(1220, 50, 15, 0, '2025-06-03', 'Present'),
(1221, 51, 15, 0, '2025-06-03', 'Present'),
(1222, 52, 15, 0, '2025-06-03', 'Present'),
(1223, 53, 15, 0, '2025-06-03', 'Present'),
(1224, 54, 15, 0, '2025-06-03', 'Present'),
(1225, 55, 15, 0, '2025-06-03', 'Present'),
(1226, 56, 15, 0, '2025-06-03', 'Present'),
(1227, 57, 15, 0, '2025-06-03', 'Present'),
(1228, 58, 15, 0, '2025-06-03', 'Present');
INSERT INTO `attendance` (`attendance_id`, `student_id`, `subject_id`, `schedule_id`, `date`, `status`) VALUES
(1229, 59, 15, 0, '2025-06-03', 'Present'),
(1230, 60, 15, 0, '2025-06-03', 'Present'),
(1231, 61, 15, 0, '2025-06-03', 'Present'),
(1232, 62, 15, 0, '2025-06-03', 'Present'),
(1233, 63, 15, 0, '2025-06-03', 'Present'),
(1234, 64, 15, 0, '2025-06-03', 'Present'),
(1235, 65, 15, 0, '2025-06-03', 'Present'),
(1236, 66, 15, 0, '2025-06-03', 'Present'),
(1237, 68, 15, 0, '2025-06-03', 'Present'),
(1238, 44, 15, 0, '2025-06-02', 'Absent'),
(1239, 45, 15, 0, '2025-06-02', 'Present'),
(1240, 46, 15, 0, '2025-06-02', 'Absent'),
(1241, 47, 15, 0, '2025-06-02', 'Present'),
(1242, 48, 15, 0, '2025-06-02', 'Present'),
(1243, 49, 15, 0, '2025-06-02', 'Present'),
(1244, 50, 15, 0, '2025-06-02', 'Present'),
(1245, 51, 15, 0, '2025-06-02', 'Present'),
(1246, 52, 15, 0, '2025-06-02', 'Present'),
(1247, 53, 15, 0, '2025-06-02', 'Present'),
(1248, 54, 15, 0, '2025-06-02', 'Present'),
(1249, 55, 15, 0, '2025-06-02', 'Present'),
(1250, 56, 15, 0, '2025-06-02', 'Present'),
(1251, 57, 15, 0, '2025-06-02', 'Present'),
(1252, 58, 15, 0, '2025-06-02', 'Present'),
(1253, 59, 15, 0, '2025-06-02', 'Present'),
(1254, 60, 15, 0, '2025-06-02', 'Present'),
(1255, 61, 15, 0, '2025-06-02', 'Present'),
(1256, 62, 15, 0, '2025-06-02', 'Present'),
(1257, 63, 15, 0, '2025-06-02', 'Present'),
(1258, 64, 15, 0, '2025-06-02', 'Present'),
(1259, 65, 15, 0, '2025-06-02', 'Present'),
(1260, 66, 15, 0, '2025-06-02', 'Present'),
(1261, 68, 15, 0, '2025-06-02', 'Present'),
(1262, 44, 15, 0, '2025-06-01', 'Present'),
(1263, 45, 15, 0, '2025-06-01', 'Present'),
(1264, 46, 15, 0, '2025-06-01', 'Present'),
(1265, 47, 15, 0, '2025-06-01', 'Present'),
(1266, 48, 15, 0, '2025-06-01', 'Present'),
(1267, 49, 15, 0, '2025-06-01', 'Present'),
(1268, 50, 15, 0, '2025-06-01', 'Present'),
(1269, 51, 15, 0, '2025-06-01', 'Present'),
(1270, 52, 15, 0, '2025-06-01', 'Present'),
(1271, 53, 15, 0, '2025-06-01', 'Present'),
(1272, 54, 15, 0, '2025-06-01', 'Present'),
(1273, 55, 15, 0, '2025-06-01', 'Present'),
(1274, 56, 15, 0, '2025-06-01', 'Present'),
(1275, 57, 15, 0, '2025-06-01', 'Present'),
(1276, 58, 15, 0, '2025-06-01', 'Present'),
(1277, 59, 15, 0, '2025-06-01', 'Present'),
(1278, 60, 15, 0, '2025-06-01', 'Present'),
(1279, 61, 15, 0, '2025-06-01', 'Present'),
(1280, 62, 15, 0, '2025-06-01', 'Present'),
(1281, 63, 15, 0, '2025-06-01', 'Present'),
(1282, 64, 15, 0, '2025-06-01', 'Present'),
(1283, 65, 15, 0, '2025-06-01', 'Present'),
(1284, 66, 15, 0, '2025-06-01', 'Present'),
(1285, 68, 15, 0, '2025-06-01', 'Present');

-- --------------------------------------------------------

--
-- Table structure for table `classes`
--

CREATE TABLE `classes` (
  `class_id` int(11) NOT NULL,
  `subject_id` int(11) DEFAULT NULL,
  `faculty_id` int(11) DEFAULT NULL,
  `semester_id` int(11) DEFAULT NULL,
  `schedule` varchar(100) DEFAULT NULL,
  `room` varchar(50) DEFAULT NULL
) ENGINE=InnoDB DEFAULT CHARSET=utf8mb4 COLLATE=utf8mb4_general_ci;

-- --------------------------------------------------------

--
-- Table structure for table `classrooms`
--

CREATE TABLE `classrooms` (
  `classroom_id` int(11) NOT NULL,
  `room_number` varchar(20) NOT NULL,
  `building` varchar(50) NOT NULL,
  `capacity` int(11) NOT NULL,
  `description` text DEFAULT NULL
) ENGINE=InnoDB DEFAULT CHARSET=utf8mb4 COLLATE=utf8mb4_general_ci;

--
-- Dumping data for table `classrooms`
--

INSERT INTO `classrooms` (`classroom_id`, `room_number`, `building`, `capacity`, `description`) VALUES
(8, 'IT Lab 01', 'CS', 50, 'Lab with Multimedia and Computers'),
(9, 'IT Lab 02', 'CS', 50, 'Lab with Multimedia and Computers'),
(10, 'IT Lab 03', 'CS', 50, 'Lab with Multimedia and Computers'),
(11, 'Room 1', 'CS', 70, 'Without Multimedia and Computers');

-- --------------------------------------------------------

--
-- Table structure for table `class_schedule`
--

CREATE TABLE `class_schedule` (
  `schedule_id` int(11) NOT NULL,
  `subject_id` int(11) NOT NULL,
  `faculty_id` int(11) NOT NULL,
  `classroom_id` int(11) NOT NULL,
  `semester_id` int(11) NOT NULL,
  `day_of_week` enum('Monday','Tuesday','Wednesday','Thursday','Friday','Saturday','Sunday') NOT NULL,
  `start_time` time NOT NULL,
  `end_time` time NOT NULL,
  `start_date` date NOT NULL,
  `end_date` date NOT NULL
) ENGINE=InnoDB DEFAULT CHARSET=utf8mb4 COLLATE=utf8mb4_general_ci;

--
-- Dumping data for table `class_schedule`
--

INSERT INTO `class_schedule` (`schedule_id`, `subject_id`, `faculty_id`, `classroom_id`, `semester_id`, `day_of_week`, `start_time`, `end_time`, `start_date`, `end_date`) VALUES
(42, 13, 39, 8, 14, 'Monday', '12:00:00', '13:00:00', '2025-02-25', '2025-08-30'),
(43, 13, 39, 8, 14, 'Tuesday', '12:00:00', '13:00:00', '2025-02-25', '2025-08-30'),
(44, 13, 39, 8, 14, 'Wednesday', '12:00:00', '13:00:00', '2025-02-25', '2025-08-30'),
(45, 12, 36, 9, 14, 'Monday', '10:40:00', '11:40:00', '2025-02-25', '2025-08-30'),
(46, 12, 36, 9, 14, 'Tuesday', '10:40:00', '11:40:00', '2025-02-25', '2025-08-30'),
(47, 12, 36, 9, 14, 'Wednesday', '10:40:00', '11:40:00', '2025-02-25', '2025-08-30'),
(48, 14, 41, 10, 14, 'Monday', '09:40:00', '10:40:00', '2025-02-25', '2025-08-30'),
(49, 14, 41, 10, 14, 'Tuesday', '09:40:00', '10:40:00', '2025-02-25', '2025-08-30'),
(50, 14, 41, 10, 14, 'Wednesday', '09:40:00', '10:40:00', '2025-02-25', '2025-08-30'),
(51, 15, 40, 9, 14, 'Monday', '08:40:00', '09:40:00', '2025-02-25', '2025-08-30'),
(52, 15, 40, 9, 14, 'Tuesday', '08:40:00', '09:40:00', '2025-02-25', '2025-08-30'),
(53, 15, 40, 9, 14, 'Wednesday', '08:40:00', '09:40:00', '2025-02-25', '2025-08-30');

-- --------------------------------------------------------

--
-- Table structure for table `faculty`
--

CREATE TABLE `faculty` (
  `faculty_id` int(11) NOT NULL,
  `employee_id` varchar(20) NOT NULL,
  `department` varchar(50) DEFAULT NULL,
  `designation` varchar(50) DEFAULT NULL,
  `specialization` varchar(100) DEFAULT NULL
) ENGINE=InnoDB DEFAULT CHARSET=utf8mb4 COLLATE=utf8mb4_general_ci;

--
-- Dumping data for table `faculty`
--

INSERT INTO `faculty` (`faculty_id`, `employee_id`, `department`, `designation`, `specialization`) VALUES
(36, '1', 'CS', 'Lecturer', 'Digital Image Processing'),
(37, '2', 'CS', 'Lecturer', 'Artificial Intelligence'),
(38, '3', 'CS', 'Assistant Professor', 'Networking Specialist'),
(39, '4', 'Mathematics', 'Lecturer', 'Mathematics'),
(40, '5', 'CS', 'Lecturer', 'Artificial Intelligence'),
(41, '6', 'Political Science', 'Lecturer', 'Sociology'),
(42, '7', 'Mathematics', 'Assistant Professor', 'Mathematics');

-- --------------------------------------------------------

--
-- Table structure for table `quizzes`
--

CREATE TABLE `quizzes` (
  `quiz_id` int(11) NOT NULL,
  `subject_id` int(11) DEFAULT NULL,
  `faculty_id` int(11) DEFAULT NULL,
  `title` varchar(100) NOT NULL,
  `description` text DEFAULT NULL,
  `total_marks` int(11) NOT NULL,
  `time_limit` int(11) DEFAULT NULL,
  `semester_id` int(11) DEFAULT NULL,
  `created_at` datetime DEFAULT current_timestamp()
) ENGINE=InnoDB DEFAULT CHARSET=utf8mb4 COLLATE=utf8mb4_general_ci;

--
-- Dumping data for table `quizzes`
--

INSERT INTO `quizzes` (`quiz_id`, `subject_id`, `faculty_id`, `title`, `description`, `total_marks`, `time_limit`, `semester_id`, `created_at`) VALUES
(6, 12, 36, 'Define the following', 'a. Ethics \r\nb. Profession \r\nc. Computing Ethics \r\nd. Computing Profession', 5, 15, 14, '2025-06-29 17:06:28'),
(7, 15, 40, 'Q1: Multiple Choice Questions (MCQs)', 'Which of the following is not a skill required for project managers?\r\na) Communication\r\nb) Risk Management\r\nc) Cooking\r\nd) Leadership\r\n\r\nIn project management, what is the primary function of COCOMO estimation?\r\na) Track earned value\r\nb) Measure leadership skills\r\nc) Estimate software development effort\r\nd) Control project procurement\r\n\r\nWhich of the following best describes the ‘Critical Path’?\r\na) A path where the team goes for walks\r\nb) The longest sequence of dependent tasks\r\nc) Tasks that are least important\r\nd) Optional project paths\r\n\r\nWhat is the purpose of version control in software projects?\r\na) Estimating project costs\r\nb) Managing multiple versions of documents/code\r\nc) Hiring team members\r\nd) Leading meetings', 5, 10, 14, '2025-06-29 17:19:38');

-- --------------------------------------------------------

--
-- Table structure for table `semesters`
--

CREATE TABLE `semesters` (
  `semester_id` int(11) NOT NULL,
  `semester_number` int(11) DEFAULT NULL CHECK (`semester_number` between 1 and 8),
  `academic_year` varchar(20) NOT NULL,
  `start_date` date NOT NULL,
  `end_date` date NOT NULL
) ENGINE=InnoDB DEFAULT CHARSET=utf8mb4 COLLATE=utf8mb4_general_ci;

--
-- Dumping data for table `semesters`
--

INSERT INTO `semesters` (`semester_id`, `semester_number`, `academic_year`, `start_date`, `end_date`) VALUES
(14, 8, '2021-2025', '2025-02-25', '2025-07-30');

-- --------------------------------------------------------

--
-- Table structure for table `semester_subjects`
--

CREATE TABLE `semester_subjects` (
  `id` int(11) NOT NULL,
  `semester_id` int(11) DEFAULT NULL,
  `subject_id` int(11) DEFAULT NULL,
  `faculty_id` int(11) DEFAULT NULL
) ENGINE=InnoDB DEFAULT CHARSET=utf8mb4 COLLATE=utf8mb4_general_ci;

--
-- Dumping data for table `semester_subjects`
--

INSERT INTO `semester_subjects` (`id`, `semester_id`, `subject_id`, `faculty_id`) VALUES
(16, 14, 15, 40),
(17, 14, 13, 39),
(18, 14, 14, 41),
(19, 14, 12, 36);

-- --------------------------------------------------------

--
-- Table structure for table `students`
--

CREATE TABLE `students` (
  `student_id` int(11) NOT NULL,
  `enrollment_number` varchar(20) NOT NULL,
  `admission_date` date NOT NULL,
  `program` varchar(10) DEFAULT 'BS',
  `current_semester` int(11) DEFAULT NULL CHECK (`current_semester` between 1 and 8),
  `department` varchar(50) DEFAULT NULL
) ENGINE=InnoDB DEFAULT CHARSET=utf8mb4 COLLATE=utf8mb4_general_ci;

--
-- Dumping data for table `students`
--

INSERT INTO `students` (`student_id`, `enrollment_number`, `admission_date`, `program`, `current_semester`, `department`) VALUES
(44, '2122702', '2021-05-25', 'BS', 8, 'Computer Science'),
(45, '2122731', '2021-05-26', 'BS', 8, 'Computer Science'),
(46, '2122723', '2021-05-26', 'BS', 8, 'Computer Science'),
(47, '2122712', '2021-05-20', 'BS', 8, 'Computer Science'),
(48, '2122705', '2021-05-15', 'BS', 8, 'Computer Science'),
(49, '2122706', '2021-05-10', 'BS', 8, 'Computer Science'),
(50, '2122709', '2021-05-29', 'BS', 8, 'Computer Science'),
(51, '2122710', '2021-05-10', 'BS', 8, 'Computer Science'),
(52, '2122711', '2021-05-11', 'BS', 8, 'Computer Science'),
(53, '2122713', '2021-05-12', 'BS', 8, 'Computer Science'),
(54, '2122714', '2021-05-13', 'BS', 8, 'Computer Science'),
(55, '2122715', '2021-05-22', 'BS', 8, 'Computer Science'),
(56, '2122721', '2021-05-12', 'BS', 8, 'Computer Science'),
(57, '2122722', '2021-05-21', 'BS', 8, 'Computer Science'),
(58, '2122725', '2021-05-22', 'BS', 8, 'Computer Science'),
(59, '2122727', '2021-05-09', 'BS', 8, 'Computer Science'),
(60, '2122728', '2021-05-06', 'BS', 8, 'Computer Science'),
(61, '2122733', '2021-05-05', 'BS', 8, 'Computer Science'),
(62, '2122734', '2021-05-04', 'BS', 8, 'Computer Science'),
(63, '2122737', '2021-05-05', 'BS', 8, 'Computer Science'),
(64, '2122739', '2021-05-05', 'BS', 8, 'Computer Science'),
(65, '2122742', '2021-05-05', 'BS', 8, 'Computer Science'),
(66, '2122741', '2023-05-05', 'BS', 8, 'Computer Science'),
(68, '4B 2122733', '2020-05-05', 'BS', 8, 'Computer Science');

-- --------------------------------------------------------

--
-- Table structure for table `student_semester_registration`
--

CREATE TABLE `student_semester_registration` (
  `registration_id` int(11) NOT NULL,
  `student_id` int(11) DEFAULT NULL,
  `semester_id` int(11) DEFAULT NULL,
  `registration_date` datetime DEFAULT current_timestamp(),
  `status` enum('registered','pending','dropped') DEFAULT 'pending'
) ENGINE=InnoDB DEFAULT CHARSET=utf8mb4 COLLATE=utf8mb4_general_ci;

--
-- Dumping data for table `student_semester_registration`
--

INSERT INTO `student_semester_registration` (`registration_id`, `student_id`, `semester_id`, `registration_date`, `status`) VALUES
(12, 44, 14, '2025-06-29 15:39:57', 'registered'),
(13, 45, 14, '2025-06-29 15:41:14', 'registered'),
(14, 46, 14, '2025-06-29 15:42:25', 'registered'),
(15, 47, 14, '2025-06-29 15:43:16', 'registered'),
(16, 48, 14, '2025-06-29 15:44:58', 'registered'),
(17, 49, 14, '2025-06-29 15:45:53', 'registered'),
(18, 50, 14, '2025-06-29 15:47:03', 'registered'),
(19, 51, 14, '2025-06-29 15:48:33', 'registered'),
(20, 52, 14, '2025-06-29 15:49:52', 'registered'),
(21, 53, 14, '2025-06-29 15:51:02', 'registered'),
(22, 54, 14, '2025-06-29 15:52:16', 'registered'),
(23, 55, 14, '2025-06-29 15:53:10', 'registered'),
(24, 56, 14, '2025-06-29 15:55:19', 'registered'),
(25, 57, 14, '2025-06-29 16:04:46', 'registered'),
(26, 58, 14, '2025-06-29 16:07:18', 'registered'),
(27, 59, 14, '2025-06-29 16:08:55', 'registered'),
(28, 60, 14, '2025-06-29 16:09:55', 'registered'),
(29, 61, 14, '2025-06-29 16:10:56', 'registered'),
(30, 62, 14, '2025-06-29 16:11:51', 'registered'),
(31, 63, 14, '2025-06-29 16:12:57', 'registered'),
(32, 64, 14, '2025-06-29 16:14:08', 'registered'),
(33, 65, 14, '2025-06-29 16:15:03', 'registered'),
(34, 66, 14, '2025-06-29 16:16:35', 'registered'),
(35, 68, 14, '2025-06-29 16:18:58', 'registered');

-- --------------------------------------------------------

--
-- Table structure for table `study_materials`
--

CREATE TABLE `study_materials` (
  `material_id` int(11) NOT NULL,
  `subject_id` int(11) DEFAULT NULL,
  `uploaded_by` int(11) DEFAULT NULL,
  `title` varchar(100) NOT NULL,
  `description` text DEFAULT NULL,
  `file_path` varchar(255) NOT NULL,
  `upload_date` datetime DEFAULT current_timestamp(),
  `semester_id` int(11) DEFAULT NULL,
  `file_type` varchar(20) DEFAULT NULL
) ENGINE=InnoDB DEFAULT CHARSET=utf8mb4 COLLATE=utf8mb4_general_ci;

--
-- Dumping data for table `study_materials`
--

INSERT INTO `study_materials` (`material_id`, `subject_id`, `uploaded_by`, `title`, `description`, `file_path`, `upload_date`, `semester_id`, `file_type`) VALUES
(4, 12, 36, 'Thesis Template for your Thesis', 'Follow all the writing rules', '1751199055_ThesisTemplate-BS-M.Sc-Approved-CSIT@MZK-2020-01-31.docx', '2025-06-29 17:10:55', 14, 'DOCX');

-- --------------------------------------------------------

--
-- Table structure for table `subjects`
--

CREATE TABLE `subjects` (
  `subject_id` int(11) NOT NULL,
  `subject_code` varchar(20) NOT NULL,
  `subject_name` varchar(100) NOT NULL,
  `credit_hours` int(11) NOT NULL,
  `description` text DEFAULT NULL,
  `department` varchar(50) DEFAULT NULL
) ENGINE=InnoDB DEFAULT CHARSET=utf8mb4 COLLATE=utf8mb4_general_ci;

--
-- Dumping data for table `subjects`
--

INSERT INTO `subjects` (`subject_id`, `subject_code`, `subject_name`, `credit_hours`, `description`, `department`) VALUES
(12, '581', 'Professional Ethics', 3, 'Core Subject', 'Computer Science'),
(13, '1', 'Numerical Computing', 3, 'Elective Subject', 'Computer Science'),
(14, '2', 'Enterpreneurship', 3, 'Elective Subject', 'Computer Science'),
(15, 'IT572', 'Software Project Management', 3, 'Elective Subject', 'Computer Science'),
(16, 'MT411', 'Calculas and Analytical Geometry', 3, 'Elective Subject', 'Computer Science'),
(17, 'IT412', 'Introduction to Information and Communication Technologies (ICTs)', 3, 'Core Subject', 'Computer Science'),
(18, 'IT413', 'Programming Fundamentals', 3, 'Core Subject', 'Computer Science'),
(19, 'IT421', 'Object Oriented Programming', 3, 'Core Subject', 'Computer Science'),
(20, 'MT424', 'Discrete Mathematical Structures', 3, 'Elective Subject', 'Computer Science'),
(21, 'IT425', 'Data Structures', 3, 'Core Subject', 'Computer Science'),
(22, 'IT432', 'Digital Logic Design', 3, 'Core Subject', 'Computer Science'),
(23, 'IT433', 'Operating Systems', 3, 'Core Subject', 'Computer Science'),
(24, 'IT441', 'Introduction to Databases', 3, 'Core Subject', 'Computer Science'),
(25, 'IT442', 'Advanced Object Oriented Programming', 3, 'Core Subject', 'Computer Science'),
(26, 'IT444', 'Analysis of Algorithms', 3, 'Core Subject', 'Computer Science'),
(27, 'IT445', 'Data Communication and Networks', 3, 'Core Subject', 'Computer Science'),
(28, 'IT554', 'Web Design and Development', 3, 'Core Subject', 'Computer Science'),
(29, 'IT552', 'Software Engineering-1', 3, 'Core Subject', 'Computer Science'),
(30, 'IT556', 'Database Administration', 3, 'Core Subject', 'Computer Science'),
(31, 'IT562', 'Theor of Automata and Formal Ianguages', 3, 'Core Subject', 'Computer Science');

-- --------------------------------------------------------

--
-- Table structure for table `users`
--

CREATE TABLE `users` (
  `user_id` int(11) NOT NULL,
  `username` varchar(50) NOT NULL,
  `password_hash` varchar(255) NOT NULL,
  `email` varchar(100) NOT NULL,
  `role` enum('student','faculty','admin') NOT NULL,
  `first_name` varchar(50) NOT NULL,
  `last_name` varchar(50) NOT NULL,
  `contact_number` varchar(15) DEFAULT NULL,
  `registration_date` datetime DEFAULT current_timestamp(),
  `last_login` datetime DEFAULT NULL,
  `status` enum('active','inactive') DEFAULT 'active'
) ENGINE=InnoDB DEFAULT CHARSET=utf8mb4 COLLATE=utf8mb4_general_ci;

--
-- Dumping data for table `users`
--

INSERT INTO `users` (`user_id`, `username`, `password_hash`, `email`, `role`, `first_name`, `last_name`, `contact_number`, `registration_date`, `last_login`, `status`) VALUES
(4, 'admin', '$2y$10$2lrjWBfVeLDgGzLiJM0g.uOV8d9.rbPfCWKT0Phlw144pXmordXEq', 'admin@gmail.com', 'admin', 'Hazrat', 'Bilal', '03410514941', '2025-04-07 16:37:13', '2025-04-07 16:37:13', 'active'),
(36, 'fahad', '$2y$10$ho.KqnovuGt2W6GwR93hsezCiHMeJShAt96wQh1BMcM2v78V/mETC', 'fahad@gmail.com', 'faculty', 'Shehzada', 'Fahad', '03410514941', '2025-06-29 15:25:47', NULL, 'active'),
(37, 'usman', '$2y$10$sM9C2zEDaY0YObfsBN4ctuwTcFtAzdHthov66jGpvKzk4Hr3p9vj.', 'usman@gmail.com', 'faculty', 'Muhammad', 'Usman', '03167717702', '2025-06-29 15:26:33', NULL, 'active'),
(38, 'fawad', '$2y$10$o5B/V7/VZAUdhzs/eBozw.CF..N.ApUnaASb.s6XRQjsXiyJV.1Ey', 'fawad@gmail.com', 'faculty', 'Fawad', 'Ahmad', '03349319899', '2025-06-29 15:27:40', NULL, 'active'),
(39, 'fidahussain', '$2y$10$YP/YEF9qN1c92s0MRatBLOhXeRSK2w/NW4AbRbG/Q04JRgw.ZmNQe', 'fidahussain@gmail.com', 'faculty', 'Fida', 'Hussain', '03459810099', '2025-06-29 15:28:58', NULL, 'active'),
(40, 'arshad', '$2y$10$edO540PSOkDyPw79SXi6NOD1DMhB7L4g4G51d1Afi4zntKq8nbCyu', 'arshad@gmail.com', 'faculty', 'Muhammad', 'Arshad', '03469438099', '2025-06-29 15:29:46', NULL, 'active'),
(41, 'saad', '$2y$10$xrRAborwyDv7rVZtjk3NNOiqrxssM.pX95Dr0pPafjlvGWrcnbK/W', 'saadmusharraf@gmail.com', 'faculty', 'Saad', 'Musharraf', '03120936862', '2025-06-29 15:31:08', NULL, 'active'),
(42, 'farooq', '$2y$10$cxmKcRshB3UJMG8NegdR/e24OGlZtDgpvBl2aeD3pq9DuGFJyjKYK', 'mfarooq@gmail.com', 'faculty', 'Muhammad', 'Farooq', '', '2025-06-29 15:33:10', NULL, 'active'),
(44, 'bilal', '$2y$10$sZnlUT1K9ov4dbFx6nMSQu0Ij00Rol2cmQ4JA5R1diFulaVUbsQmK', 'bilal@gmail.com', 'student', 'Hazrat', 'Bilal', '03410514941', '2025-06-29 15:39:57', NULL, 'active'),
(45, 'muhammadkhan', '$2y$10$5RUO5modYgf4VG5lS4aE7e4CKEHqyLOzqxeQED07JQ72DuWKc7paO', 'mkhan@gmail.com', 'student', 'Muhammad', 'Khan', '03471604947', '2025-06-29 15:41:14', NULL, 'active'),
(46, 'zaib', '$2y$10$EFPlc/yL9I5OSEBZrwhnF.gWmXDDbPX.kEqcknxk9BZu.tBIWu4ya', 'zaib@gmail.com', 'student', 'Zaib', 'Ali', '03489404398', '2025-06-29 15:42:25', NULL, 'active'),
(47, 'ziaullah', '$2y$10$4fIcxHp4.jRxtVwO7Gr.N.bfkmnPS6KjjyQesWHrS5IGN0kHjIDY6', 'zia@gmail.com', 'student', 'Zai', 'Ullah', '03420964651', '2025-06-29 15:43:16', NULL, 'active'),
(48, 'adnan', '$2y$10$dE80uuM30UWd9g.T4JW5h.fkNom0WY1Mox4iw54mclm.rzFAMS6Y6', 'adnan@gmail.com', 'student', 'Adnan', 'Ahmad', '03476208598', '2025-06-29 15:44:58', NULL, 'active'),
(49, 'wisal', '$2y$10$uZYqdKGh8oupque9EXpOues25d/i.UMFgVYqp0qpffTxWSc2lW5su', 'wisal@gmail.com', 'student', 'Wisal', 'Ahmad', '03452641774', '2025-06-29 15:45:53', NULL, 'active'),
(50, 'sajjad', '$2y$10$DzlsklLRBTbBQtjK2yw0YemywJN1KcLP408/ceHqusXwGye0AJHXC', 'sajjad@gmail.com', 'student', 'Sajjad', 'Khalil', '03461280266', '2025-06-29 15:47:03', NULL, 'active'),
(51, 'usmanahmad', '$2y$10$xp1JBHNPyFLVwEjn9XfD/Ova/6VTDfCYWX9DPaIfcus7soji1sbPu', 'usmanahmad@gmail.com', 'student', 'Usman', 'Ahmad', '03400923338', '2025-06-29 15:48:33', NULL, 'active'),
(52, 'msaad', '$2y$10$eiwJC8JySHGdL2ztmZq.Oe.EXMg//Vzgix3QcwWXDgbyolrTtpRqi', 'saad@gmail.com', 'student', 'Muhammad', 'Saad', '03149560366', '2025-06-29 15:49:52', NULL, 'active'),
(53, 'shahid', '$2y$10$famD.zk1FEZCuzFbtUZm0.BIt.o7ZkGYxOW7N0YIDigOlBQPD26..', 'shahid@gmail.com', 'student', 'Shahid', 'Ali', '03498438158', '2025-06-29 15:51:02', NULL, 'active'),
(54, 'ziaullah2', '$2y$10$JHhaPfd6idUo7eFFhkKLf.RsoZgqKnRhL.hdUJvDP/uImVig33zWu', 'ziaullah2@gmail.com', 'student', 'Zia', 'Ullah', '03479003680', '2025-06-29 15:52:16', NULL, 'active'),
(55, 'kashif', '$2y$10$.IFp9C8QjU/phLaBsHSg2.H2YCYjfooZYrGoIvIRly85SWxganmmC', 'kashif@gmail.com', 'student', 'Kashif', 'Khan', '03493535676', '2025-06-29 15:53:10', NULL, 'active'),
(56, 'bilalqayum', '$2y$10$g9xSNFXeCyDwtmBck2.CnOuevJFYcKKaYWFydqnqlIk.AnVKilFEC', 'bilalqayum@gmail.com', 'student', 'Bilal', 'Qayum', '03195839610', '2025-06-29 15:55:19', NULL, 'active'),
(57, 'asmat', '$2y$10$/cAjtlLsfyO99VdPfFmkheqqWVoGI9BCa3YdDJDYPYgXFkjM9C4Je', 'asmat@gmail.com', 'student', 'Asmat', 'Ullah', '03418997913', '2025-06-29 16:04:46', NULL, 'active'),
(58, 'sabir', '$2y$10$jpgc0W.tJlwn.RDG1EWBT.XTcT0eM8CEdtwZCz3AWcOU78kxYb1u.', 'sabir@gmail.com', 'student', 'Sabir', 'Ihsan', '03029467906', '2025-06-29 16:07:18', NULL, 'active'),
(59, 'haris', '$2y$10$VX2TrYk2jd.3N5ZrN79h.OjDYBZ6lBiHNUZvGN.jKVBjQqDrwHGTW', 'haris@gmail.com', 'student', 'Muhammad ', 'Haris', '03120946180', '2025-06-29 16:08:55', NULL, 'active'),
(60, 'sikandar', '$2y$10$Q20rdbFBQxj6Ei6Cey.Mr.CuS/L1gwQ9TaxMWEU5Ptcvoczf9kEJC', 'sikandar@gmail.com', 'student', 'Sikandar', 'Iqbal', '03489513580', '2025-06-29 16:09:55', NULL, 'active'),
(61, 'sameer', '$2y$10$rliVIxSpTkQZBaw921Y35utZ2Z8SLSdQHeO8P/r.LFxy0N.lFknni', 'sameer@gmail.com', 'student', 'Sameer', 'Khan', '03479997902', '2025-06-29 16:10:56', NULL, 'active'),
(62, 'sadiqain', '$2y$10$PPRyOK0xepeFFHdGcpLvu.qMMUfWC2pQ.uLknW2L3TadcjsiUXcMu', 'sadiqain@gmail.com', 'student', 'Sayyed', 'Sadiqain', '03125705354', '2025-06-29 16:11:51', NULL, 'active'),
(63, 'haseeb', '$2y$10$REaHGU1MwuJZgl9hfWZQsuymkCzbFX05n2MXuUKPSkIFwIY3RCB6S', 'haseeb@gmail.com', 'student', 'Abdul', 'Haseeb Khan', '03480246130', '2025-06-29 16:12:57', NULL, 'active'),
(64, 'hayan', '$2y$10$.jcg53wN3ydD.LkXJSfoqeTLRqy42ugJmEeuVY7Jaa5cSgSOSFe72', 'hayan@gmail.com', 'student', 'Muhammad', 'Hayan', '03444969656', '2025-06-29 16:14:08', NULL, 'active'),
(65, 'faisal', '$2y$10$IUIP1JHNKbrx80zFx4GQkObcUYEi89m7h8ihq3HG8bXZo3Jk/mq6S', 'faisal@gmail.com', 'student', 'Faisal', 'Khan', '03088314011', '2025-06-29 16:15:03', NULL, 'active'),
(66, 'osama', '$2y$10$/gAXQO0.4JReOkO6h.yF2.aKYWLdETPQmzDQoJSLFU5rQDVB7UpuC', 'osama@gmail.com', 'student', 'Muhammad', 'Osama', '03135743362', '2025-06-29 16:16:35', NULL, 'active'),
(67, 'salman', '$2y$10$XdFSwus6pygSAwyhPesLFuHS1YoO4eVoxxi7Y3PGMObe2ItQ7kMo2', 'salman@gmail.com', 'student', 'Salman', 'Khan', '03161817929', '2025-06-29 16:17:47', NULL, 'active'),
(68, 'salmankhan', '$2y$10$FDGilVr3eSZ2fPTS9USoL.MfUFQ4uviy9CUGlHEYhZj9CJGQ1gL2e', 'salmankhan@gmail.com', 'student', 'Salman', 'Khan', '03161817929', '2025-06-29 16:18:58', NULL, 'active');

--
-- Indexes for dumped tables
--

--
-- Indexes for table `announcements`
--
ALTER TABLE `announcements`
  ADD PRIMARY KEY (`announcement_id`),
  ADD KEY `subject_id` (`subject_id`),
  ADD KEY `faculty_id` (`faculty_id`),
  ADD KEY `semester_id` (`semester_id`);

--
-- Indexes for table `assignments`
--
ALTER TABLE `assignments`
  ADD PRIMARY KEY (`assignment_id`),
  ADD KEY `subject_id` (`subject_id`),
  ADD KEY `faculty_id` (`faculty_id`),
  ADD KEY `semester_id` (`semester_id`);

--
-- Indexes for table `attendance`
--
ALTER TABLE `attendance`
  ADD PRIMARY KEY (`attendance_id`);

--
-- Indexes for table `classes`
--
ALTER TABLE `classes`
  ADD PRIMARY KEY (`class_id`),
  ADD KEY `subject_id` (`subject_id`),
  ADD KEY `faculty_id` (`faculty_id`),
  ADD KEY `semester_id` (`semester_id`);

--
-- Indexes for table `classrooms`
--
ALTER TABLE `classrooms`
  ADD PRIMARY KEY (`classroom_id`),
  ADD UNIQUE KEY `building` (`building`,`room_number`);

--
-- Indexes for table `class_schedule`
--
ALTER TABLE `class_schedule`
  ADD PRIMARY KEY (`schedule_id`),
  ADD KEY `subject_id` (`subject_id`),
  ADD KEY `faculty_id` (`faculty_id`),
  ADD KEY `classroom_id` (`classroom_id`),
  ADD KEY `semester_id` (`semester_id`),
  ADD KEY `day_of_week` (`day_of_week`,`start_time`,`end_time`,`classroom_id`);

--
-- Indexes for table `faculty`
--
ALTER TABLE `faculty`
  ADD PRIMARY KEY (`faculty_id`),
  ADD UNIQUE KEY `employee_id` (`employee_id`);

--
-- Indexes for table `quizzes`
--
ALTER TABLE `quizzes`
  ADD PRIMARY KEY (`quiz_id`),
  ADD KEY `subject_id` (`subject_id`),
  ADD KEY `faculty_id` (`faculty_id`),
  ADD KEY `semester_id` (`semester_id`);

--
-- Indexes for table `semesters`
--
ALTER TABLE `semesters`
  ADD PRIMARY KEY (`semester_id`);

--
-- Indexes for table `semester_subjects`
--
ALTER TABLE `semester_subjects`
  ADD PRIMARY KEY (`id`),
  ADD KEY `semester_id` (`semester_id`),
  ADD KEY `subject_id` (`subject_id`),
  ADD KEY `faculty_id` (`faculty_id`);

--
-- Indexes for table `students`
--
ALTER TABLE `students`
  ADD PRIMARY KEY (`student_id`),
  ADD UNIQUE KEY `enrollment_number` (`enrollment_number`);

--
-- Indexes for table `student_semester_registration`
--
ALTER TABLE `student_semester_registration`
  ADD PRIMARY KEY (`registration_id`),
  ADD KEY `student_id` (`student_id`),
  ADD KEY `semester_id` (`semester_id`);

--
-- Indexes for table `study_materials`
--
ALTER TABLE `study_materials`
  ADD PRIMARY KEY (`material_id`),
  ADD KEY `subject_id` (`subject_id`),
  ADD KEY `uploaded_by` (`uploaded_by`),
  ADD KEY `semester_id` (`semester_id`);

--
-- Indexes for table `subjects`
--
ALTER TABLE `subjects`
  ADD PRIMARY KEY (`subject_id`),
  ADD UNIQUE KEY `subject_code` (`subject_code`);

--
-- Indexes for table `users`
--
ALTER TABLE `users`
  ADD PRIMARY KEY (`user_id`),
  ADD UNIQUE KEY `username` (`username`),
  ADD UNIQUE KEY `email` (`email`);

--
-- AUTO_INCREMENT for dumped tables
--

--
-- AUTO_INCREMENT for table `announcements`
--
ALTER TABLE `announcements`
  MODIFY `announcement_id` int(11) NOT NULL AUTO_INCREMENT, AUTO_INCREMENT=10;

--
-- AUTO_INCREMENT for table `assignments`
--
ALTER TABLE `assignments`
  MODIFY `assignment_id` int(11) NOT NULL AUTO_INCREMENT, AUTO_INCREMENT=19;

--
-- AUTO_INCREMENT for table `attendance`
--
ALTER TABLE `attendance`
  MODIFY `attendance_id` int(11) NOT NULL AUTO_INCREMENT, AUTO_INCREMENT=1286;

--
-- AUTO_INCREMENT for table `classes`
--
ALTER TABLE `classes`
  MODIFY `class_id` int(11) NOT NULL AUTO_INCREMENT;

--
-- AUTO_INCREMENT for table `classrooms`
--
ALTER TABLE `classrooms`
  MODIFY `classroom_id` int(11) NOT NULL AUTO_INCREMENT, AUTO_INCREMENT=12;

--
-- AUTO_INCREMENT for table `class_schedule`
--
ALTER TABLE `class_schedule`
  MODIFY `schedule_id` int(11) NOT NULL AUTO_INCREMENT, AUTO_INCREMENT=54;

--
-- AUTO_INCREMENT for table `quizzes`
--
ALTER TABLE `quizzes`
  MODIFY `quiz_id` int(11) NOT NULL AUTO_INCREMENT, AUTO_INCREMENT=8;

--
-- AUTO_INCREMENT for table `semesters`
--
ALTER TABLE `semesters`
  MODIFY `semester_id` int(11) NOT NULL AUTO_INCREMENT, AUTO_INCREMENT=15;

--
-- AUTO_INCREMENT for table `semester_subjects`
--
ALTER TABLE `semester_subjects`
  MODIFY `id` int(11) NOT NULL AUTO_INCREMENT, AUTO_INCREMENT=20;

--
-- AUTO_INCREMENT for table `student_semester_registration`
--
ALTER TABLE `student_semester_registration`
  MODIFY `registration_id` int(11) NOT NULL AUTO_INCREMENT, AUTO_INCREMENT=36;

--
-- AUTO_INCREMENT for table `study_materials`
--
ALTER TABLE `study_materials`
  MODIFY `material_id` int(11) NOT NULL AUTO_INCREMENT, AUTO_INCREMENT=5;

--
-- AUTO_INCREMENT for table `subjects`
--
ALTER TABLE `subjects`
  MODIFY `subject_id` int(11) NOT NULL AUTO_INCREMENT, AUTO_INCREMENT=32;

--
-- AUTO_INCREMENT for table `users`
--
ALTER TABLE `users`
  MODIFY `user_id` int(11) NOT NULL AUTO_INCREMENT, AUTO_INCREMENT=69;

--
-- Constraints for dumped tables
--

--
-- Constraints for table `announcements`
--
ALTER TABLE `announcements`
  ADD CONSTRAINT `announcements_ibfk_1` FOREIGN KEY (`subject_id`) REFERENCES `subjects` (`subject_id`),
  ADD CONSTRAINT `announcements_ibfk_2` FOREIGN KEY (`faculty_id`) REFERENCES `faculty` (`faculty_id`),
  ADD CONSTRAINT `announcements_ibfk_3` FOREIGN KEY (`semester_id`) REFERENCES `semesters` (`semester_id`);

--
-- Constraints for table `assignments`
--
ALTER TABLE `assignments`
  ADD CONSTRAINT `assignments_ibfk_1` FOREIGN KEY (`subject_id`) REFERENCES `subjects` (`subject_id`),
  ADD CONSTRAINT `assignments_ibfk_2` FOREIGN KEY (`faculty_id`) REFERENCES `faculty` (`faculty_id`),
  ADD CONSTRAINT `assignments_ibfk_3` FOREIGN KEY (`semester_id`) REFERENCES `semesters` (`semester_id`);

--
-- Constraints for table `classes`
--
ALTER TABLE `classes`
  ADD CONSTRAINT `classes_ibfk_1` FOREIGN KEY (`subject_id`) REFERENCES `subjects` (`subject_id`),
  ADD CONSTRAINT `classes_ibfk_2` FOREIGN KEY (`faculty_id`) REFERENCES `faculty` (`faculty_id`),
  ADD CONSTRAINT `classes_ibfk_3` FOREIGN KEY (`semester_id`) REFERENCES `semesters` (`semester_id`);

--
-- Constraints for table `class_schedule`
--
ALTER TABLE `class_schedule`
  ADD CONSTRAINT `class_schedule_ibfk_1` FOREIGN KEY (`subject_id`) REFERENCES `subjects` (`subject_id`),
  ADD CONSTRAINT `class_schedule_ibfk_2` FOREIGN KEY (`faculty_id`) REFERENCES `faculty` (`faculty_id`),
  ADD CONSTRAINT `class_schedule_ibfk_3` FOREIGN KEY (`classroom_id`) REFERENCES `classrooms` (`classroom_id`),
  ADD CONSTRAINT `class_schedule_ibfk_4` FOREIGN KEY (`semester_id`) REFERENCES `semesters` (`semester_id`);

--
-- Constraints for table `faculty`
--
ALTER TABLE `faculty`
  ADD CONSTRAINT `faculty_ibfk_1` FOREIGN KEY (`faculty_id`) REFERENCES `users` (`user_id`);

--
-- Constraints for table `quizzes`
--
ALTER TABLE `quizzes`
  ADD CONSTRAINT `quizzes_ibfk_1` FOREIGN KEY (`subject_id`) REFERENCES `subjects` (`subject_id`),
  ADD CONSTRAINT `quizzes_ibfk_2` FOREIGN KEY (`faculty_id`) REFERENCES `faculty` (`faculty_id`),
  ADD CONSTRAINT `quizzes_ibfk_3` FOREIGN KEY (`semester_id`) REFERENCES `semesters` (`semester_id`);

--
-- Constraints for table `semester_subjects`
--
ALTER TABLE `semester_subjects`
  ADD CONSTRAINT `semester_subjects_ibfk_1` FOREIGN KEY (`semester_id`) REFERENCES `semesters` (`semester_id`),
  ADD CONSTRAINT `semester_subjects_ibfk_2` FOREIGN KEY (`subject_id`) REFERENCES `subjects` (`subject_id`),
  ADD CONSTRAINT `semester_subjects_ibfk_3` FOREIGN KEY (`faculty_id`) REFERENCES `faculty` (`faculty_id`);

--
-- Constraints for table `students`
--
ALTER TABLE `students`
  ADD CONSTRAINT `students_ibfk_1` FOREIGN KEY (`student_id`) REFERENCES `users` (`user_id`);

--
-- Constraints for table `student_semester_registration`
--
ALTER TABLE `student_semester_registration`
  ADD CONSTRAINT `student_semester_registration_ibfk_1` FOREIGN KEY (`student_id`) REFERENCES `students` (`student_id`),
  ADD CONSTRAINT `student_semester_registration_ibfk_2` FOREIGN KEY (`semester_id`) REFERENCES `semesters` (`semester_id`);

--
-- Constraints for table `study_materials`
--
ALTER TABLE `study_materials`
  ADD CONSTRAINT `study_materials_ibfk_1` FOREIGN KEY (`subject_id`) REFERENCES `subjects` (`subject_id`),
  ADD CONSTRAINT `study_materials_ibfk_2` FOREIGN KEY (`uploaded_by`) REFERENCES `users` (`user_id`),
  ADD CONSTRAINT `study_materials_ibfk_3` FOREIGN KEY (`semester_id`) REFERENCES `semesters` (`semester_id`);
COMMIT;

/*!40101 SET CHARACTER_SET_CLIENT=@OLD_CHARACTER_SET_CLIENT */;
/*!40101 SET CHARACTER_SET_RESULTS=@OLD_CHARACTER_SET_RESULTS */;
/*!40101 SET COLLATION_CONNECTION=@OLD_COLLATION_CONNECTION */;
